coin,data_source,candles,start,end,legacy_long_bars,legacy_short_bars,early_long_bars,early_short_bars,legacy_signal_bars,early_signal_bars,error
ADA,archive,16747,2026-04-09 13:15:00+00:00,2026-09-30 23:45:00+00:00,36,7,12,33,43,45,
AVAX,archive,16747,2026-04-09 13:15:00+00:00,2026-09-30 23:45:00+00:00,16,19,13,32,35,45,
BNB,archive,16747,2026-04-09 13:15:00+00:00,2026-09-30 23:45:00+00:00,8,6,16,10,14,26,
BTC,archive,16747,2026-04-09 13:15:00+00:00,2026-09-30 23:45:00+00:00,11,17,22,15,28,37,
CRV,archive,16747,2026-04-09 13:15:00+00:00,2026-09-30 23:45:00+00:00,26,10,27,18,36,45,
DOGE,archive,16747,2026-04-09 13:15:00+00:00,2026-09-30 23:45:00+00:00,8,16,28,40,24,68,
ETH,archive,16747,2026-04-09 13:15:00+00:00,2026-09-30 23:45:00+00:00,14,17,33,13,31,46,
FET,archive,16747,2026-04-09 13:15:00+00:00,2026-09-30 23:45:00+00:00,15,22,9,42,37,51,
LINK,archive,16747,2026-04-09 13:15:00+00:00,2026-09-30 23:45:00+00:00,38,4,26,11,42,37,
SOL,archive,16747,2026-04-09 13:15:00+00:00,2026-09-30 23:45:00+00:00,25,17,26,12,42,38,
SUI,archive,16747,2026-04-09 13:15:00+00:00,2026-09-30 23:45:00+00:00,14,13,14,36,27,50,
UNI,archive,16747,2026-04-09 13:15:00+00:00,2026-09-30 23:45:00+00:00,8,19,35,14,27,49,
XRP,archive,16747,2026-04-09 13:15:00+00:00,2026-09-30 23:45:00+00:00,10,24,13,31,34,44,
