trade_no,coin,side,signal_time,actual_result,R,touch_age,adx_pct,adx_delta,volr,ema_dist,entry_score,V15_BASELINE_kept,V15.1-A_FRESH_PULLBACK_kept,V15.1-B_FRESH_PLUS_ADX_DETERIORATION_kept,V15.1-C_FRESH_PLUS_VOL120_kept,V15.1-D_FRESH_PLUS_EMA080_kept,V15.1-E_COMBINATION_kept
1,AIN/USDT:USDT,LONG,2026-09-15T13:00:00+00:00,SL,-1.0,,1.0,8.256188188998387,0.8315174954270561,1.0581845703260622,,True,False,False,False,False,False
2,MMT/USDT:USDT,SHORT,2026-09-16T03:00:00+00:00,TP,1.25,1.0,0.885,2.7883488134404466,1.0019143003700397,1.0518495505211765,,True,True,True,False,False,False
3,VIRTUAL/USDT:USDT,SHORT,2026-09-16T17:45:00+00:00,SL,-1.0,1.0,0.91,4.746987964886934,0.9782308249583775,0.2575061821120049,,True,True,True,False,True,False
4,SYN/USDT:USDT,LONG,2026-09-16T20:15:00+00:00,SL,-1.0,1.0,0.99,8.504719118764768,0.3505095081504649,0.2566058987022877,,True,True,True,False,True,False
5,GRIFFAIN/USDT:USDT,LONG,2026-09-17T01:00:00+00:00,TP,1.25,1.0,0.37,2.3569309032402828,1.036125169151624,0.28135504330973005,,True,True,True,False,True,False
6,SYN/USDT:USDT,LONG,2026-09-17T09:00:00+00:00,TP,1.25,1.0,1.0,3.4639116173312843,5.04441510349616,0.4263234784641272,0.0,True,True,True,True,True,True
7,REZ/USDT:USDT,LONG,2026-09-17T16:00:00+00:00,SL,-1.0,1.0,0.555,0.1419804858876219,1.0269433710713018,0.11834615722810002,32.50510393651519,True,True,True,False,True,False
8,ARB/USDT:USDT,LONG,2026-09-17T20:15:00+00:00,TP,1.25,1.0,0.735,5.706742807439234,1.1002861709317793,0.677014064049745,63.3,True,True,True,False,True,False
9,ASTER/USDT:USDT,LONG,2026-09-17T20:30:00+00:00,TP,1.25,1.0,0.715,3.4914779934373392,1.0152849949469802,1.1975785260089191,29.384654478535644,True,True,True,False,False,False
10,UNI/USDT:USDT,LONG,2026-09-17T21:00:00+00:00,TP,1.25,1.0,0.205,5.757692753673535,2.310024184723349,0.9597306854074424,44.59165941259098,True,True,True,True,False,False
11,FLOCK/USDT:USDT,LONG,2026-09-17T22:30:00+00:00,TP,1.25,1.0,0.42,2.886949316049755,1.016020493095084,0.48972592205838295,62.323250516935005,True,True,True,False,True,False
12,SOMI/USDT:USDT,LONG,2026-09-17T23:00:00+00:00,TP,1.25,1.0,0.625,4.665063065561263,1.0001841664997997,0.8374808906769262,55.50150522460453,True,True,True,False,False,False
13,ZEC/USDT:USDT,LONG,2026-09-18T01:30:00+00:00,TP,1.25,1.0,0.6,7.2742927770033,1.7243974477637087,0.35896822872160294,56.930799215427605,True,True,True,True,True,True
14,DASH/USDT:USDT,LONG,2026-09-18T01:45:00+00:00,TP,1.25,1.0,0.445,5.027008967733735,1.689953096835688,0.3141515557283321,47.66585646013783,True,True,True,True,True,True
15,1000PEPE/USDT:USDT,LONG,2026-09-18T04:30:00+00:00,TP,1.25,1.0,0.585,4.463475701037762,2.2769356471080076,0.8146117482587316,51.24222109632326,True,True,True,True,False,False
16,ONE/USDT:USDT,LONG,2026-09-18T04:30:00+00:00,TP,1.25,1.0,0.935,9.216226534196494,1.2841274635503317,0.5322333662604852,84.97647147426379,True,True,True,True,True,True
17,DRIFT/USDT:USDT,LONG,2026-09-18T05:45:00+00:00,SL,-1.0,1.0,0.95,9.369880366823857,1.0915380582605094,0.9506578800108494,78.4412432910313,True,True,True,False,False,False
18,0G/USDT:USDT,LONG,2026-09-18T07:45:00+00:00,TP,1.25,1.0,0.78,5.86776186262415,1.0020014370410946,0.5003897676149313,51.83042563461873,True,True,True,False,True,False
19,REZ/USDT:USDT,LONG,2026-09-18T08:00:00+00:00,SL,-1.0,1.0,0.585,1.6114565025086236,1.0050413107766396,0.5211656903980169,43.37338377175626,True,True,True,False,True,False
20,ONDO/USDT:USDT,LONG,2026-09-18T08:45:00+00:00,TP,1.25,1.0,0.77,6.077470465207309,1.991056850311772,1.0188697464986793,44.74587283760296,True,True,True,True,False,False
21,UNI/USDT:USDT,LONG,2026-09-18T13:15:00+00:00,TP,1.25,1.0,0.565,9.768590273540173,1.6538292363353733,0.169483736650074,57.50623959792873,True,True,True,True,True,True
22,STRK/USDT:USDT,LONG,2026-09-18T13:30:00+00:00,TP,1.25,1.0,0.53,8.77420694267103,1.0491521457192154,1.0657738152803242,53.60141534658798,True,True,True,False,False,False
23,PENDLE/USDT:USDT,LONG,2026-09-18T16:15:00+00:00,TP,1.25,1.0,0.75,4.8473823402939935,2.910375991709019,0.3771840825894021,64.42960206473506,True,True,True,True,True,True
24,1000PEPE/USDT:USDT,LONG,2026-09-18T17:45:00+00:00,SL,-1.0,1.0,0.68,5.777784537436236,1.2245053675163038,0.9223914646599424,39.98917942993015,True,True,True,True,False,False
25,TIA/USDT:USDT,LONG,2026-09-18T23:30:00+00:00,SL,-1.0,1.0,0.81,6.174833639825557,12.99898810470897,0.9663264970469387,37.52194928613995,True,True,True,True,False,False
26,LIGHTER/USDT:USDT,LONG,2026-09-19T06:15:00+00:00,TP,1.25,1.0,0.5,-0.2490126795661496,1.6531662839891978,0.9893477143623128,28.227193892003893,True,True,True,True,False,False
27,OP/USDT:USDT,LONG,2026-09-19T06:30:00+00:00,SL,-1.0,1.0,0.74,8.687931432323854,2.1451163136926765,0.4805196545607924,67.01299136401981,True,True,True,True,True,True
28,AAVE/USDT:USDT,LONG,2026-09-19T06:30:00+00:00,SL,-1.0,1.0,0.7,6.725437831999869,1.1243601008557458,0.7667726146051599,61.452485139149736,True,True,True,False,True,False
29,ZEC/USDT:USDT,LONG,2026-09-19T09:15:00+00:00,TP,1.25,1.0,0.675,2.4149752922019374,1.1032211980714777,0.6037127335554017,46.54224539877151,True,True,True,False,True,False
30,FIL/USDT:USDT,LONG,2026-09-19T10:30:00+00:00,TP,1.25,1.0,0.375,5.4004109455498615,1.0356496525716088,0.9926997854839297,38.16909757344412,True,True,True,False,False,False
31,AIN/USDT:USDT,SHORT,2026-09-19T11:00:00+00:00,SL,-1.0,1.0,0.74,-1.3189222591133039,1.0135280146232002,0.9713994412874315,26.76247584127569,True,True,True,False,False,False
32,TAO/USDT:USDT,LONG,2026-09-19T13:45:00+00:00,SL,-1.0,1.0,0.815,7.881777212408998,1.06964250688448,1.0959633074079516,45.315800334927765,True,True,True,False,False,False
33,DYM/USDT:USDT,LONG,2026-09-19T19:15:00+00:00,SL,-1.0,1.0,0.965,6.767436371813922,8.961717909911311,0.8828026547435308,60.84237547570767,True,True,True,True,False,False
34,ENA/USDT:USDT,LONG,2026-09-19T19:15:00+00:00,TP,1.25,1.0,0.86,7.954612105733489,1.2179652856968013,0.508671188755394,55.51260227048911,True,True,True,True,True,True
35,IMX/USDT:USDT,LONG,2026-09-19T21:45:00+00:00,SL,-1.0,1.0,0.885,7.761699239429678,17.934090408215546,0.35564810778354977,55.68833208999382,True,True,True,True,True,True
36,BLUR/USDT:USDT,LONG,2026-09-19T22:00:00+00:00,SL,-1.0,1.0,0.595,4.283622045167377,14.716508966128014,0.9229288705612267,46.043151035934585,True,True,True,True,False,False
37,SUI/USDT:USDT,LONG,2026-09-20T00:30:00+00:00,SL,-1.0,1.0,0.945,6.953091249911097,8.820756414446555,1.1012992353263413,67.31875239234255,True,True,True,True,False,False
38,STRK/USDT:USDT,LONG,2026-09-20T06:45:00+00:00,TP,1.25,1.0,0.895,2.1831121638339184,1.2165499998433804,0.4756855326994301,50.20181790641901,True,True,True,True,True,True
39,ZK/USDT:USDT,LONG,2026-09-20T06:45:00+00:00,SL,-1.0,1.0,0.935,4.460949002453603,1.35117076827548,0.9412815877982511,57.76327011978599,True,True,True,True,False,False
40,AVAX/USDT:USDT,LONG,2026-09-20T08:00:00+00:00,TP,1.25,1.0,0.98,9.571618061726959,1.3268478763770466,0.04829605705481914,61.91400209828342,True,True,True,True,True,True
41,ARB/USDT:USDT,LONG,2026-09-20T08:00:00+00:00,SL,-1.0,1.0,0.955,-1.7012439201143934,1.3820267782458444,0.8678790564009314,55.30954096168868,True,True,False,True,False,False
42,POL/USDT:USDT,LONG,2026-09-20T11:45:00+00:00,SL,-1.0,1.0,0.745,0.7947949065641353,1.1719857691331885,0.5717801500393999,28.569876318174853,True,True,True,False,True,False
43,GRASS/USDT:USDT,LONG,2026-09-20T15:45:00+00:00,TP,1.25,1.0,0.955,2.893502601989219,1.0439853097454648,0.8269641142411187,66.40548453096723,True,True,True,False,False,False
44,AVAX/USDT:USDT,LONG,2026-09-20T19:30:00+00:00,TP,1.25,1.0,1.0,8.407229592119599,1.9477517625356038,0.9635457106181264,69.31103533932115,True,True,True,True,False,False
45,ARB/USDT:USDT,LONG,2026-09-20T19:30:00+00:00,TP,1.25,1.0,0.89,-2.4121792191833578,1.6386560037175593,0.5050849028375103,39.77882756959381,True,True,True,True,True,True
46,1INCH/USDT:USDT,LONG,2026-09-20T19:30:00+00:00,TP,1.25,1.0,0.735,-4.929070512606689,1.0977304528855671,1.1593378932942022,27.222140781727184,True,True,True,False,False,False
47,DOT/USDT:USDT,LONG,2026-09-21T00:15:00+00:00,TP,1.25,1.0,0.705,-0.0134381835930526,2.1030191054352017,0.7831149766187513,39.55544178398916,True,True,True,True,True,True
48,MEW/USDT:USDT,LONG,2026-09-21T03:00:00+00:00,TP,1.25,1.0,0.375,-2.993835341386877,1.0693442182249118,0.46920199580999744,34.274404216340045,True,True,True,False,True,False
49,IMX/USDT:USDT,LONG,2026-09-21T03:15:00+00:00,TP,1.25,1.0,0.86,-0.9899722731154839,1.0142747526897518,0.5184690149859537,44.14480377597341,True,True,True,False,True,False
50,GRASS/USDT:USDT,LONG,2026-09-21T03:15:00+00:00,TP,1.25,1.0,0.975,2.7881237067051394,1.03047671857583,0.42787901819795615,83.67936879764574,True,True,True,False,True,False
51,1INCH/USDT:USDT,LONG,2026-09-21T03:15:00+00:00,TP,1.25,1.0,0.715,-1.6930602360735918,8.42803200033656,1.072864188954306,20.85545767577037,True,True,True,True,False,False
52,YFI/USDT:USDT,LONG,2026-09-21T08:00:00+00:00,TP,1.25,1.0,0.39,-4.2357512455548445,1.0034931859119394,0.6289996946579073,25.29223706860733,True,True,True,False,True,False
53,XPL/USDT:USDT,LONG,2026-09-21T08:15:00+00:00,TP,1.25,1.0,0.75,1.7801802233587836,1.4789402639272207,0.6899583411472198,54.38594526763618,True,True,True,True,True,True
54,DYDX/USDT:USDT,LONG,2026-09-21T15:45:00+00:00,SL,-1.0,1.0,0.945,0.11460148055924435,2.131315859478997,0.3113219700331157,46.559934138083584,True,True,True,True,True,True
55,WIF/USDT:USDT,LONG,2026-09-21T17:00:00+00:00,TP,1.25,1.0,0.595,3.3380851854154514,2.2717628663124594,0.9765303538488912,53.97416893381271,True,True,True,True,False,False
56,PLUME/USDT:USDT,LONG,2026-09-21T17:30:00+00:00,TP,1.25,1.0,0.745,-4.335438042410239,1.1706372368538054,0.03941629778609143,20.602596059459728,True,True,True,False,True,False
57,BNB/USDT:USDT,LONG,2026-09-21T18:00:00+00:00,SL,-1.0,1.0,0.69,2.5612324700823805,2.709235926983134,0.8849934735927565,52.46133930401646,True,True,True,True,False,False
58,MEW/USDT:USDT,LONG,2026-09-21T18:00:00+00:00,TP,1.25,1.0,0.58,5.145083562364377,5.745064485306072,0.7997967776316843,60.87568243324175,True,True,True,True,True,True
59,SOL/USDT:USDT,LONG,2026-09-21T19:15:00+00:00,SL,-1.0,1.0,0.71,3.918889375508556,1.3081682773498668,0.6646107954407044,53.8641292304569,True,True,True,True,True,True
60,CRV/USDT:USDT,LONG,2026-09-21T23:45:00+00:00,SL,-1.0,1.0,0.655,5.201489631245963,14.303612141452762,0.8680845506130643,47.26523973623513,True,True,True,True,False,False
61,PLUME/USDT:USDT,LONG,2026-09-22T02:15:00+00:00,SL,-1.0,1.0,0.72,-3.1852760657879067,1.0229613905122399,0.2452320955150862,20.72385745344864,True,True,True,False,True,False
62,XLM/USDT:USDT,LONG,2026-09-22T03:15:00+00:00,SL,-1.0,1.0,0.855,6.047300540898533,4.8868973772846775,0.4246734363334149,68.61683590833536,True,True,True,True,True,True
63,SEI/USDT:USDT,LONG,2026-09-22T04:30:00+00:00,SL,-1.0,1.0,1.0,7.088719599876178,1.068697875805688,0.9228521892840351,57.79183178053313,True,True,True,False,False,False
64,S/USDT:USDT,LONG,2026-09-22T05:30:00+00:00,TP,1.25,1.0,1.0,2.297192050894843,1.2062318143964301,0.6197302563008842,83.26097321944503,True,True,True,True,True,True
65,TURBO/USDT:USDT,LONG,2026-09-22T05:45:00+00:00,TP,1.25,1.0,0.915,4.855157611571272,15.290522100273332,0.704027593042666,58.39822858761109,True,True,True,True,True,True
66,ORDI/USDT:USDT,LONG,2026-09-22T05:45:00+00:00,SL,-1.0,1.0,0.985,4.7311956781489,1.078761711222855,0.4700684231140705,69.94338129977606,True,True,True,False,True,False
67,SEI/USDT:USDT,LONG,2026-09-22T06:30:00+00:00,SL,-1.0,1.0,1.0,7.088719599876178,1.5822353136048568,0.9268488702181344,62.610274591436735,True,True,True,True,False,False
68,HBAR/USDT:USDT,LONG,2026-09-22T07:00:00+00:00,TP,1.25,1.0,0.98,6.677953023782571,2.1415638477404837,0.8400222953324832,72.94072925874579,True,True,True,True,False,False
69,NEAR/USDT:USDT,LONG,2026-09-22T08:00:00+00:00,TP,1.25,1.0,0.9,-2.645281633755104,1.4877211897126061,0.7071596032834396,46.95267553854384,True,True,False,True,True,False
70,TRX/USDT:USDT,LONG,2026-09-22T08:30:00+00:00,SL,-1.0,1.0,1.0,6.439340759177902,1.1759391815175002,0.8912890807794434,71.9987221877701,True,True,True,False,False,False
71,GRASS/USDT:USDT,LONG,2026-09-22T11:00:00+00:00,SL,-1.0,1.0,1.0,8.51483030962568,1.4434783664588153,0.03427521123373703,71.59768169093707,True,True,True,True,True,True
72,TAO/USDT:USDT,LONG,2026-09-22T13:45:00+00:00,SL,-1.0,1.0,0.995,6.181192709775445,1.1568275149160663,0.6436007421581678,61.51056288808802,True,True,True,False,True,False
73,XLM/USDT:USDT,LONG,2026-09-22T14:45:00+00:00,TP,1.25,1.0,0.88,3.5569411998646885,1.4610175353486585,0.2647588124213057,60.58528796938627,True,True,True,True,True,True
74,GIGGLE/USDT:USDT,LONG,2026-09-22T15:00:00+00:00,TP,1.25,1.0,0.87,5.898826640937937,1.2692955601600506,0.36168370993153826,59.4057124737142,True,True,True,True,True,True
75,UNI/USDT:USDT,LONG,2026-09-22T15:00:00+00:00,TP,1.25,1.0,0.665,-0.7033639941063541,1.2159322775739037,0.7206672633411847,43.0629798043399,True,True,True,True,True,True
76,NEAR/USDT:USDT,LONG,2026-09-22T16:15:00+00:00,SL,-1.0,1.0,0.885,-0.44192508856122714,1.0310111675989775,0.25652947192862086,46.75856690728751,True,True,True,False,True,False
77,1INCH/USDT:USDT,LONG,2026-09-22T22:15:00+00:00,TP,1.25,1.0,0.84,-0.475131705722994,1.0133724149277648,0.49709197223455,28.998629947325988,True,True,True,False,True,False
78,BTC/USDT:USDT,LONG,2026-09-22T23:00:00+00:00,TP,1.25,1.0,0.83,1.6516126154488902,1.9867039498910373,0.6290342669476218,45.267678883587,True,True,True,True,True,True
79,NIL/USDT:USDT,LONG,2026-09-22T23:00:00+00:00,TP,1.25,1.0,1.0,3.7700679873606617,1.0605466706017221,0.6707257495715903,81.22413251035422,True,True,True,False,True,False
80,BROCCOLI/USDT:USDT,LONG,2026-09-23T00:00:00+00:00,SL,-1.0,1.0,1.0,9.366893545074525,1.0539658775473135,0.6555754423911037,72.64937019572838,True,True,True,False,True,False
81,VIRTUAL/USDT:USDT,LONG,2026-09-23T01:00:00+00:00,SL,-1.0,1.0,0.96,3.7915397166218483,1.7536003531927926,0.5036387690577124,71.8263290906451,True,True,True,True,True,True
82,XRP/USDT:USDT,LONG,2026-09-23T02:15:00+00:00,TP,1.25,1.0,0.81,6.017395413044973,1.104662660790878,0.6299609457163052,49.14855251801157,True,True,True,False,True,False
83,GIGGLE/USDT:USDT,LONG,2026-09-23T02:30:00+00:00,SL,-1.0,1.0,0.955,8.457514879703613,1.0303284655514262,0.41689445563059513,62.79705366720214,True,True,True,False,True,False
84,TRB/USDT:USDT,LONG,2026-09-23T02:45:00+00:00,SL,-1.0,1.0,0.85,4.308906686465473,1.357880481272275,0.7348511809698758,62.34930125037936,True,True,True,True,True,True
85,USELESS/USDT:USDT,LONG,2026-09-23T03:30:00+00:00,SL,-1.0,1.0,0.44,3.70876441754384,1.8223418803910811,1.0197138814136082,42.38700983464913,True,True,True,True,False,False
86,DOLO/USDT:USDT,LONG,2026-09-23T04:15:00+00:00,SL,-1.0,1.0,1.0,8.574771765919472,1.0001687860822641,0.8310167282002375,86.15199421972133,True,True,True,False,False,False
87,BLESS/USDT:USDT,LONG,2026-09-23T05:15:00+00:00,SL,-1.0,1.0,0.82,-0.1969431629206717,1.0047454776752147,1.028045428977251,22.396455765906914,True,True,True,False,False,False
88,DOLO/USDT:USDT,LONG,2026-09-23T06:30:00+00:00,SL,-1.0,1.0,1.0,8.574771765919472,1.0123436048140355,0.568220675010594,77.2669645833665,True,True,True,False,True,False
89,AAVE/USDT:USDT,LONG,2026-09-23T08:15:00+00:00,SL,-1.0,1.0,0.86,3.415233639076675,3.5093852347067442,0.41666446825505826,71.96161344969275,True,True,True,True,True,True
90,YFI/USDT:USDT,LONG,2026-09-23T08:15:00+00:00,SL,-1.0,1.0,0.725,4.309274592895079,1.2851287354943035,0.5177271379775723,54.84492832553715,True,True,True,True,True,True
91,ZEC/USDT:USDT,LONG,2026-09-23T09:45:00+00:00,TP,1.25,1.0,0.57,4.531721240800657,1.2179220497798857,0.6401448720588986,45.169520555377865,True,True,True,True,True,True
92,S/USDT:USDT,LONG,2026-09-23T10:15:00+00:00,SL,-1.0,1.0,0.99,0.26737417215521475,1.0128951879225971,0.3729997644884409,42.137627385643,True,True,True,False,True,False
93,POPCAT/USDT:USDT,LONG,2026-09-23T11:00:00+00:00,SL,-1.0,1.0,0.86,5.717199378844718,1.155998099124873,0.2924646921043046,56.27156780180427,True,True,True,False,True,False
94,BCH/USDT:USDT,LONG,2026-09-23T11:00:00+00:00,SL,-1.0,1.0,0.975,6.807811076284359,1.867076273975506,0.27924196522346934,69.51548665933775,True,True,True,True,True,True
95,ALLO/USDT:USDT,LONG,2026-09-23T11:15:00+00:00,SL,-1.0,1.0,1.0,2.480186982991185,1.0049348349575495,1.0782577330089596,66.32573468738757,True,True,True,False,False,False
96,GRASS/USDT:USDT,LONG,2026-09-23T12:00:00+00:00,SL,-1.0,1.0,1.0,4.48746500595086,1.0060967910076135,0.20840500225897876,83.81102891587885,True,True,True,False,True,False
97,NEAR/USDT:USDT,LONG,2026-09-23T13:30:00+00:00,SL,-1.0,1.0,0.86,-1.349364405381671,1.1798642731798823,1.1450452100448425,16.589388650583064,True,True,True,False,False,False
98,UAI/USDT:USDT,SHORT,2026-09-23T15:15:00+00:00,TP,1.25,1.0,0.045,-0.1514748661874865,1.0512952204057608,0.9005973429970956,28.307907043473428,True,True,True,False,False,False
99,UAI/USDT:USDT,SHORT,2026-09-23T22:00:00+00:00,TP,1.25,1.0,0.03,-0.1426921836657673,1.088212577049332,0.7315471436969371,41.12169160955692,True,True,True,False,True,False
100,PENGU/USDT:USDT,LONG,2026-09-24T07:00:00+00:00,SL,-1.0,1.0,0.955,-3.418063912021722,1.6255032848459303,0.6955735669868066,53.50795383899484,True,True,False,True,True,False
