symbol,candles,first_open_utc,last_open_utc,source_counts,gap_count,signals_before_volume_gate,signals_after_volume_gate,signals_rejected_by_volume_gate,signals_by_core
1000PEPEUSDT,35040,2025-10-10T00:00:00+00:00,2026-10-09T23:45:00+00:00,"{'binance_archive_monthly': 34176, 'binance_archive_daily': 864}",0,158,158,0,"{'V15_PRECISION_V2_FINAL': {'signals_before_volume_gate': 97, 'signals_after_volume_gate': 97}, 'V15_ADX4H_CANDLE2H': {'signals_before_volume_gate': 61, 'signals_after_volume_gate': 61}}"
AAVEUSDT,35040,2025-10-10T00:00:00+00:00,2026-10-09T23:45:00+00:00,"{'binance_archive_monthly': 34176, 'binance_archive_daily': 864}",0,143,143,0,"{'V15_PRECISION_V2_FINAL': {'signals_before_volume_gate': 98, 'signals_after_volume_gate': 98}, 'V15_ADX4H_CANDLE2H': {'signals_before_volume_gate': 45, 'signals_after_volume_gate': 45}}"
ARBUSDT,35040,2025-10-10T00:00:00+00:00,2026-10-09T23:45:00+00:00,"{'binance_archive_monthly': 34176, 'binance_archive_daily': 864}",0,170,170,0,"{'V15_PRECISION_V2_FINAL': {'signals_before_volume_gate': 89, 'signals_after_volume_gate': 89}, 'V15_ADX4H_CANDLE2H': {'signals_before_volume_gate': 81, 'signals_after_volume_gate': 81}}"
DOTUSDT,35040,2025-10-10T00:00:00+00:00,2026-10-09T23:45:00+00:00,"{'binance_archive_monthly': 34176, 'binance_archive_daily': 864}",0,139,139,0,"{'V15_PRECISION_V2_FINAL': {'signals_before_volume_gate': 101, 'signals_after_volume_gate': 101}, 'V15_ADX4H_CANDLE2H': {'signals_before_volume_gate': 38, 'signals_after_volume_gate': 38}}"
ETHUSDT,35040,2025-10-10T00:00:00+00:00,2026-10-09T23:45:00+00:00,"{'binance_archive_monthly': 34176, 'binance_archive_daily': 864}",0,154,154,0,"{'V15_PRECISION_V2_FINAL': {'signals_before_volume_gate': 106, 'signals_after_volume_gate': 106}, 'V15_ADX4H_CANDLE2H': {'signals_before_volume_gate': 48, 'signals_after_volume_gate': 48}}"
FILUSDT,35040,2025-10-10T00:00:00+00:00,2026-10-09T23:45:00+00:00,"{'binance_archive_monthly': 34176, 'binance_archive_daily': 864}",0,169,169,0,"{'V15_PRECISION_V2_FINAL': {'signals_before_volume_gate': 119, 'signals_after_volume_gate': 119}, 'V15_ADX4H_CANDLE2H': {'signals_before_volume_gate': 50, 'signals_after_volume_gate': 50}}"
IMXUSDT,35040,2025-10-10T00:00:00+00:00,2026-10-09T23:45:00+00:00,"{'binance_archive_monthly': 34176, 'binance_archive_daily': 864}",0,158,28,128,"{'V15_PRECISION_V2_FINAL': {'signals_before_volume_gate': 102, 'signals_after_volume_gate': 27}, 'V15_ADX4H_CANDLE2H': {'signals_before_volume_gate': 56, 'signals_after_volume_gate': 1}}"
INJUSDT,35040,2025-10-10T00:00:00+00:00,2026-10-09T23:45:00+00:00,"{'binance_archive_monthly': 34176, 'binance_archive_daily': 864}",0,164,161,1,"{'V15_PRECISION_V2_FINAL': {'signals_before_volume_gate': 101, 'signals_after_volume_gate': 98}, 'V15_ADX4H_CANDLE2H': {'signals_before_volume_gate': 63, 'signals_after_volume_gate': 63}}"
JUPUSDT,35040,2025-10-10T00:00:00+00:00,2026-10-09T23:45:00+00:00,"{'binance_archive_monthly': 34176, 'binance_archive_daily': 864}",0,163,115,47,"{'V15_PRECISION_V2_FINAL': {'signals_before_volume_gate': 98, 'signals_after_volume_gate': 69}, 'V15_ADX4H_CANDLE2H': {'signals_before_volume_gate': 65, 'signals_after_volume_gate': 46}}"
LDOUSDT,35040,2025-10-10T00:00:00+00:00,2026-10-09T23:45:00+00:00,"{'binance_archive_monthly': 34176, 'binance_archive_daily': 864}",0,147,124,23,"{'V15_PRECISION_V2_FINAL': {'signals_before_volume_gate': 93, 'signals_after_volume_gate': 77}, 'V15_ADX4H_CANDLE2H': {'signals_before_volume_gate': 54, 'signals_after_volume_gate': 47}}"
LINKUSDT,35040,2025-10-10T00:00:00+00:00,2026-10-09T23:45:00+00:00,"{'binance_archive_monthly': 34176, 'binance_archive_daily': 864}",0,153,153,0,"{'V15_PRECISION_V2_FINAL': {'signals_before_volume_gate': 92, 'signals_after_volume_gate': 92}, 'V15_ADX4H_CANDLE2H': {'signals_before_volume_gate': 61, 'signals_after_volume_gate': 61}}"
LTCUSDT,35040,2025-10-10T00:00:00+00:00,2026-10-09T23:45:00+00:00,"{'binance_archive_monthly': 34176, 'binance_archive_daily': 864}",0,141,140,0,"{'V15_PRECISION_V2_FINAL': {'signals_before_volume_gate': 73, 'signals_after_volume_gate': 72}, 'V15_ADX4H_CANDLE2H': {'signals_before_volume_gate': 68, 'signals_after_volume_gate': 68}}"
NEARUSDT,35040,2025-10-10T00:00:00+00:00,2026-10-09T23:45:00+00:00,"{'binance_archive_monthly': 34176, 'binance_archive_daily': 864}",0,182,182,0,"{'V15_PRECISION_V2_FINAL': {'signals_before_volume_gate': 109, 'signals_after_volume_gate': 109}, 'V15_ADX4H_CANDLE2H': {'signals_before_volume_gate': 73, 'signals_after_volume_gate': 73}}"
ORDIUSDT,35040,2025-10-10T00:00:00+00:00,2026-10-09T23:45:00+00:00,"{'binance_archive_monthly': 34176, 'binance_archive_daily': 864}",0,126,100,24,"{'V15_PRECISION_V2_FINAL': {'signals_before_volume_gate': 93, 'signals_after_volume_gate': 67}, 'V15_ADX4H_CANDLE2H': {'signals_before_volume_gate': 33, 'signals_after_volume_gate': 33}}"
QNTUSDT,35040,2025-10-10T00:00:00+00:00,2026-10-09T23:45:00+00:00,"{'binance_archive_monthly': 34176, 'binance_archive_daily': 864}",0,195,54,141,"{'V15_PRECISION_V2_FINAL': {'signals_before_volume_gate': 125, 'signals_after_volume_gate': 23}, 'V15_ADX4H_CANDLE2H': {'signals_before_volume_gate': 70, 'signals_after_volume_gate': 31}}"
RUNEUSDT,35040,2025-10-10T00:00:00+00:00,2026-10-09T23:45:00+00:00,"{'binance_archive_monthly': 34176, 'binance_archive_daily': 864}",0,147,35,111,"{'V15_PRECISION_V2_FINAL': {'signals_before_volume_gate': 99, 'signals_after_volume_gate': 15}, 'V15_ADX4H_CANDLE2H': {'signals_before_volume_gate': 48, 'signals_after_volume_gate': 20}}"
SANDUSDT,35040,2025-10-10T00:00:00+00:00,2026-10-09T23:45:00+00:00,"{'binance_archive_monthly': 34176, 'binance_archive_daily': 864}",0,149,85,63,"{'V15_PRECISION_V2_FINAL': {'signals_before_volume_gate': 104, 'signals_after_volume_gate': 50}, 'V15_ADX4H_CANDLE2H': {'signals_before_volume_gate': 45, 'signals_after_volume_gate': 35}}"
STRKUSDT,35040,2025-10-10T00:00:00+00:00,2026-10-09T23:45:00+00:00,"{'binance_archive_monthly': 34176, 'binance_archive_daily': 864}",0,162,99,63,"{'V15_PRECISION_V2_FINAL': {'signals_before_volume_gate': 117, 'signals_after_volume_gate': 66}, 'V15_ADX4H_CANDLE2H': {'signals_before_volume_gate': 45, 'signals_after_volume_gate': 33}}"
SUIUSDT,35040,2025-10-10T00:00:00+00:00,2026-10-09T23:45:00+00:00,"{'binance_archive_monthly': 34176, 'binance_archive_daily': 864}",0,162,162,0,"{'V15_PRECISION_V2_FINAL': {'signals_before_volume_gate': 100, 'signals_after_volume_gate': 100}, 'V15_ADX4H_CANDLE2H': {'signals_before_volume_gate': 62, 'signals_after_volume_gate': 62}}"
TAOUSDT,35040,2025-10-10T00:00:00+00:00,2026-10-09T23:45:00+00:00,"{'binance_archive_monthly': 34176, 'binance_archive_daily': 864}",0,180,180,0,"{'V15_PRECISION_V2_FINAL': {'signals_before_volume_gate': 115, 'signals_after_volume_gate': 115}, 'V15_ADX4H_CANDLE2H': {'signals_before_volume_gate': 65, 'signals_after_volume_gate': 65}}"
TIAUSDT,35040,2025-10-10T00:00:00+00:00,2026-10-09T23:45:00+00:00,"{'binance_archive_monthly': 34176, 'binance_archive_daily': 864}",0,162,151,11,"{'V15_PRECISION_V2_FINAL': {'signals_before_volume_gate': 90, 'signals_after_volume_gate': 81}, 'V15_ADX4H_CANDLE2H': {'signals_before_volume_gate': 72, 'signals_after_volume_gate': 70}}"
WLDUSDT,35040,2025-10-10T00:00:00+00:00,2026-10-09T23:45:00+00:00,"{'binance_archive_monthly': 34176, 'binance_archive_daily': 864}",0,162,160,0,"{'V15_PRECISION_V2_FINAL': {'signals_before_volume_gate': 124, 'signals_after_volume_gate': 122}, 'V15_ADX4H_CANDLE2H': {'signals_before_volume_gate': 38, 'signals_after_volume_gate': 38}}"
XRPUSDT,35040,2025-10-10T00:00:00+00:00,2026-10-09T23:45:00+00:00,"{'binance_archive_monthly': 34176, 'binance_archive_daily': 864}",0,162,162,0,"{'V15_PRECISION_V2_FINAL': {'signals_before_volume_gate': 101, 'signals_after_volume_gate': 101}, 'V15_ADX4H_CANDLE2H': {'signals_before_volume_gate': 61, 'signals_after_volume_gate': 61}}"
ZROUSDT,35040,2025-10-10T00:00:00+00:00,2026-10-09T23:45:00+00:00,"{'binance_archive_monthly': 34176, 'binance_archive_daily': 864}",0,148,122,26,"{'V15_PRECISION_V2_FINAL': {'signals_before_volume_gate': 82, 'signals_after_volume_gate': 57}, 'V15_ADX4H_CANDLE2H': {'signals_before_volume_gate': 66, 'signals_after_volume_gate': 65}}"
