score_ceiling,closed_trades,TP,SL,TIMEOUT,CUTOFF,profitable_trades,win_rate_closed_pct,tp_rate_closed_pct,gross_R,net_est_R,profit_factor_gross,expectancy_net_R,equity_end_closed_only_usd,max_drawdown_pct,average_trades_per_30d,open_positions,open_unrealized_R_mark_to_market,max_active_positions_seen
40,31,13,18,0,0,13,41.94,41.94,-1.75,-4.3073,0.9028,-0.1389,95.5567,-6.364,3.05,0,0,3
45,54,23,29,2,0,24,44.44,42.59,-0.2116,-5.1341,0.9928,-0.0951,94.6124,-7.637,5.31,0,0,3
48,75,33,41,1,0,33,44.0,44.0,-0.0746,-6.9261,0.9982,-0.0923,92.6586,-9.743,7.38,0,0,3
50,84,38,44,2,0,38,45.24,45.24,3.3349,-4.1682,1.0755,-0.0496,95.2045,-9.481,8.26,0,0,3
51,86,40,44,2,0,40,46.51,46.51,5.8349,-1.7801,1.1321,-0.0207,97.4914,-9.483,8.46,0,0,3
52,96,43,51,2,0,43,44.79,44.79,2.5849,-6.2371,1.0505,-0.065,93.1604,-11.615,9.44,0,0,3
53,104,46,56,2,0,46,44.23,44.23,1.3349,-8.0475,1.0238,-0.0774,91.4336,-11.615,10.23,0,0,3
54,110,50,58,2,0,50,45.45,45.45,4.3349,-5.9009,1.0745,-0.0536,93.3288,-10.637,10.82,0,0,3
55,117,54,61,2,0,54,46.15,46.15,6.3349,-4.3523,1.1036,-0.0372,94.7407,-12.212,11.51,0,0,3
56,122,57,63,2,0,57,46.72,46.72,8.0849,-2.9214,1.128,-0.0239,96.0996,-13.146,12.0,0,0,3
58,133,63,68,2,0,63,47.37,47.37,10.5849,-1.4097,1.1553,-0.0106,97.4251,-13.115,13.08,0,0,3
60,140,65,73,2,0,65,46.43,46.43,8.0849,-4.3691,1.1105,-0.0312,94.457,-12.939,13.77,0,0,3
62,154,71,81,2,0,71,46.1,46.1,7.5849,-6.2761,1.0935,-0.0408,92.564,-12.652,15.15,0,0,3
65,174,78,94,2,0,78,44.83,44.83,3.3349,-12.158,1.0354,-0.0699,87.1318,-18.752,17.11,0,0,3
