trade_no,coin,side,R,btc_pre1h,btc_pre4h,btc_after1h,btc_after4h,btc_trade_return,btc_adverse,btc_favorable
1,AIN/USDT:USDT,LONG,-1.0,0.0007517388838889083,0.0006892677115790669,-0.007354489240534168,-0.009287008325297275,-0.014456854269606523,,
2,MMT/USDT:USDT,SHORT,1.25,0.003960398658092723,0.0007724287744217406,-0.0008482255753181622,-0.0010550134873134054,-0.0031386980527691177,,
3,VIRTUAL/USDT:USDT,SHORT,-1.0,-0.0006589050556107257,0.0008119502144925406,-0.00107423449230859,0.0033389797811362865,0.0012103306211004305,,
4,SYN/USDT:USDT,LONG,-1.0,0.008782151786092651,0.005518604998026699,-0.0018797584667891165,0.0025229719086374836,-0.004268836965082623,,
5,GRIFFAIN/USDT:USDT,LONG,1.25,-0.0002818023818199622,0.0025130812979172745,-0.0011734150047657543,0.002172456606588602,0.0008181128077919819,,
6,SYN/USDT:USDT,LONG,1.25,0.003568884978738529,0.0028284065160624206,-0.0038692844563303908,-0.0004539821277150802,-0.0012106190072402878,,
7,REZ/USDT:USDT,LONG,-1.0,0.005207712080240512,-0.0013881184354108678,0.0012674733987063647,-0.0011644585854371226,0.0012674733987063647,,
8,FLOCK/USDT:USDT,LONG,1.25,-0.001417200949681674,-0.002642891093039279,0.00028803200821148067,0.006830286303816324,0.0009177747170741046,,
9,ARB/USDT:USDT,LONG,1.25,0.0016447132072168191,-8.867907304288547e-05,-0.001945895751113147,-0.004298708039992438,-0.0015441960920360431,-0.004774748220392144,-0.0015259370166236241
10,UNI/USDT:USDT,LONG,1.25,-0.0015940218306575993,-0.0040190036621639,-0.001952231139982774,0.0006093367121444704,0.0029433839893509006,-0.0022032883261023928,0.003380118886038286
11,SOMI/USDT:USDT,LONG,1.25,0.001369103846199149,-0.0011604718206601472,-1.1775203514918786e-05,0.011212610457950856,0.012556292014580306,-0.0016184363053074469,0.01480273917400865
12,ASTER/USDT:USDT,LONG,1.25,-0.0009233405337352174,-0.0023851751388851428,-0.00013464210690061762,-0.0019490425377554077,0.010852415257172954,-0.002496761399807368,0.013909967568245696
13,ZEC/USDT:USDT,LONG,1.25,0.004048461034708684,0.0022264697576639403,0.003169878070574894,0.011660716079369582,0.00874260198723964,-0.001480580909507201,0.011793772689739246
14,DASH/USDT:USDT,LONG,1.25,0.001905799429958277,0.004305192024919968,0.003157687508881679,0.009842024361911283,0.010337450147780425,-0.0012711582663748056,0.012233105654763987
15,1000PEPE/USDT:USDT,LONG,1.25,0.0012742149348339282,0.013765553372625972,0.0019637989173266757,0.006924975129520394,0.004381080347799271,-0.002811333186909848,0.005304841022725881
16,ONDO/USDT:USDT,LONG,1.25,0.006346788851570695,0.009366835467535362,-0.0007567090824263101,-0.0028529977567154363,-0.001988917790971989,-0.004262879712655043,0.0027878082918444402
17,0G/USDT:USDT,LONG,1.25,0.0022445401335637882,0.005312346031840498,0.006346788851570695,0.0037471009170297886,0.005212239243324923,-0.001449702277203313,0.009152290774002036
18,STRK/USDT:USDT,LONG,1.25,0.015286015633104943,0.016103292824081405,0.0187532956400418,0.01855145739825459,0.017600294683833173,-0.014739237606501088,0.023221489717603072
19,REZ/USDT:USDT,LONG,-1.0,0.0018533172832790878,0.006174165840424406,0.007659414622097849,0.003909466079367707,0.041628931335419006,-0.0013764819693726782,0.045019965420714625
20,ONE/USDT:USDT,LONG,1.25,0.0012742149348339282,0.013765553372625972,0.0019637989173266757,0.006924975129520394,0.04788827017738795,-0.002811333186909848,0.05138176509347425
21,1000PEPE/USDT:USDT,LONG,-1.0,0.0019835230239630963,0.01160693092807974,-0.0008422238166571061,0.0028218202654857194,0.0003198474611643132,-0.003024349159813977,0.009166902332910398
22,TIA/USDT:USDT,LONG,-1.0,-0.00280546937044035,-0.004205374998768607,0.005388052300093538,0.003474966023241377,0.0009447950326535448,-0.000691283276509691,0.010564638696281659
23,UNI/USDT:USDT,LONG,1.25,0.0020670880346120857,0.0002867277072409191,0.03230392614782973,0.032955276900850095,0.03699774650554799,-0.0019182215693075433,0.04572379912803437
24,PENDLE/USDT:USDT,LONG,1.25,0.0012360939431397266,0.0386732680123254,-0.0034493827160493318,-0.00012222222222213475,0.00495555555555538,-0.0056209876543210635,0.008869135802469064
25,ZEC/USDT:USDT,LONG,1.25,0.0013362453474423663,0.004025671520995644,-0.0015224665186389652,-0.002155291584901242,-0.0008122279005814415,-0.0019967781217015146,0.0012029820191665763
26,LIGHTER/USDT:USDT,LONG,1.25,-0.0014101570789145645,-0.004584735830423847,0.0016938368307584106,0.003912750724297531,0.003912750724297531,-0.0005003675539438923,0.0069112496216354735
27,AIN/USDT:USDT,SHORT,-1.0,7.50509669884547e-05,0.001900653272525643,0.00051055432667102,0.0046921787998159825,0.0008636364754772696,-0.0008095054143364422,0.0016509973648014542
28,FIL/USDT:USDT,LONG,1.25,-0.00035205026194495836,0.002138542508622665,0.0006747954064658668,0.0035993192939769436,0.007513871478565415,-0.0007363643304133527,0.008683681033569757
29,TAO/USDT:USDT,LONG,-1.0,1.598679736480868e-05,4.181270368319723e-05,0.002780428537698887,0.0015457756178185456,0.000397204076814095,-0.0013969778057609794,0.007336592948213427
30,OP/USDT:USDT,LONG,-1.0,0.0004259154094961026,-0.0030473326919622234,-8.638082839129702e-06,0.002138542508622665,-3.578634319101326e-05,-0.0015203025797017045,0.010840793963214024
31,AAVE/USDT:USDT,LONG,-1.0,0.0004259154094961026,-0.0030473326919622234,-8.638082839129702e-06,0.002138542508622665,-3.578634319101326e-05,-0.0015203025797017045,0.010840793963214024
32,DYM/USDT:USDT,LONG,-1.0,-0.0005490462930777262,-0.0020432742427253237,-0.0016529595965057986,-0.0012338821077262363,-0.004124410710686477,-0.006051429779326711,0.0006402914124754577
33,ENA/USDT:USDT,LONG,1.25,-0.0005490462930777262,-0.0020432742427253237,-0.0016529595965057986,-0.0012338821077262363,-0.0035062406905806975,-0.006051429779326711,0.0006402914124754577
34,IMX/USDT:USDT,LONG,-1.0,-0.0007420290426715104,-0.004609296437679489,0.002006939793039786,7.77118666019927e-05,-0.00030467985794757624,-0.0014148493808338047,0.0033971187400316794
35,SUI/USDT:USDT,LONG,-1.0,0.0006449683239315718,0.0006252623209295205,-0.003108367252299238,-0.011362084807870376,-0.009358313437076826,-0.004904258106417592,4.551230246740978e-05
36,BLUR/USDT:USDT,LONG,-1.0,-0.00032716049382719437,-0.004636714865391411,0.003134358771696988,0.0019055616961105581,-0.008229852976591068,-0.007015875564227891,0.004576805992083877
37,DRIFT/USDT:USDT,LONG,-1.0,-0.0006567106409056667,0.009842024361911283,0.0014124038493814606,0.009265834028346243,0.03585749955458928,-0.0011180454602965906,0.05755997552177594
38,AVAX/USDT:USDT,LONG,1.25,0.0008740137775447021,5.34925670212516e-05,-0.0018808473266964665,0.0008160289988841107,-0.0006804388146183227,-0.003043937439435318,0.002063707483458632
39,ZK/USDT:USDT,LONG,-1.0,-0.0022520814975098835,-0.0003660946541464982,0.00028027708815780983,0.0001245675947367797,0.0020927355915776324,-0.0016579946859462957,0.003456750753945359
40,POL/USDT:USDT,LONG,-1.0,0.001967922857424087,0.0018119506551665943,0.00010690440881244712,0.005295497459777199,-0.0015563293003851841,-0.0019553562216502174,0.0006749894649433763
41,STRK/USDT:USDT,LONG,1.25,-0.0022520814975098835,-0.0003660946541464982,0.00028027708815780983,0.0001245675947367797,0.0024328051252091587,-0.0016579946859462957,0.004114467654155574
42,ARB/USDT:USDT,LONG,-1.0,0.0008740137775447021,5.34925670212516e-05,-0.0018808473266964665,0.0008160289988841107,0.0020226572441852664,-0.003043937439435318,0.004486915547218251
43,ARB/USDT:USDT,LONG,1.25,0.0002057017570871178,0.004918024671801691,-0.0012154843095383283,0.0003768370807688548,0.00011576041043226404,-0.008005940725743788,0.0008497306723216358
44,1INCH/USDT:USDT,LONG,1.25,0.0002057017570871178,0.004918024671801691,-0.0012154843095383283,0.0003768370807688548,0.006215348845228341,-0.008005940725743788,0.00664760314375723
45,AVAX/USDT:USDT,LONG,1.25,0.0002057017570871178,0.004918024671801691,-0.0012154843095383283,0.0003768370807688548,0.006215348845228341,-0.008005940725743788,0.006746122641997365
46,GRASS/USDT:USDT,LONG,1.25,0.002833468909963832,0.005295497459777199,0.0053207735215161645,0.0034400167178381125,0.00900562248598713,-0.003951938688069978,0.011442816213830254
47,MEW/USDT:USDT,LONG,1.25,-0.0006085693947377457,0.0009506031158110773,-0.00046869925500203635,0.0029979529775319147,0.007029258643256986,-0.0011133145033510594,0.008483333497357526
48,IMX/USDT:USDT,LONG,1.25,-0.0004288048753516849,0.0029031566126633823,-0.0010091685606503642,0.0028234594199922913,0.026399407036646005,-0.001915084795972244,0.01636303517585458
49,DOT/USDT:USDT,LONG,1.25,0.007252344098640506,0.006594671042581268,-0.0017758598111051738,-0.005322683885938595,0.024679678215670853,-0.010732263737823766,0.03051272291569007
50,YFI/USDT:USDT,LONG,1.25,0.004019256124858206,0.007501473833456229,0.02487411464912137,,0.022760755531992416,-0.002069381701974793,0.028582876660452783
51,XPL/USDT:USDT,LONG,1.25,0.007651028758160372,0.011516881582833038,0.026926819774231392,,0.020538147138964513,-0.004514159205916801,0.024231218372907648
52,1INCH/USDT:USDT,LONG,1.25,-0.0004288048753516849,0.0029031566126633823,-0.0010091685606503642,0.0028234594199922913,0.0377055366601069,-0.001915084795972244,0.034981641982395395
53,GRASS/USDT:USDT,LONG,1.25,-0.0004288048753516849,0.0029031566126633823,-0.0010091685606503642,0.0028234594199922913,0.0377055366601069,-0.001915084795972244,0.034981641982395395
