family,stop_atr,rr,valid_trades,valid_win_rate_pct,valid_net_R,valid_expectancy_R,valid_profit_factor,valid_max_closed_equity_DD_R,stress_valid_trades,stress_valid_net_R,stress_valid_expectancy_R,stress_valid_profit_factor,stress_valid_max_closed_equity_DD_R,holdout_trades,holdout_net_R,holdout_expectancy_R,holdout_profit_factor,stress_holdout_trades,stress_holdout_net_R,stress_holdout_expectancy_R,stress_holdout_profit_factor
LIQUIDITY_SWEEP,1.0,1.5,2287,41.58,-818.004,-0.35768,0.5649,-836.262,2287,-1607.435,-0.70286,0.323,-1612.55,396,-162.201,-0.4096,0.5111,396,-273.553,-0.69079,0.3261
LIQUIDITY_SWEEP,1.0,2.0,2234,35.72,-726.632,-0.32526,0.6394,-759.345,2234,-1496.261,-0.66977,0.4076,-1508.623,384,-140.289,-0.36534,0.5924,384,-249.281,-0.64917,0.4047
LIQUIDITY_SWEEP,1.0,2.5,2174,30.82,-702.101,-0.32295,0.6675,-740.922,2174,-1449.161,-0.66659,0.4511,-1469.543,374,-117.27,-0.31356,0.6631,374,-221.523,-0.59231,0.4738
LIQUIDITY_SWEEP,1.5,1.5,1996,42.33,-410.946,-0.20588,0.718,-447.233,1996,-872.173,-0.43696,0.4974,-892.184,337,-37.932,-0.11256,0.8321,337,-101.126,-0.30008,0.6126
LIQUIDITY_SWEEP,1.5,2.0,1876,35.61,-372.766,-0.1987,0.7552,-410.374,1876,-801.288,-0.42713,0.5565,-823.887,313,-59.316,-0.18951,0.7575,313,-116.434,-0.37199,0.5867
LIQUIDITY_SWEEP,1.5,2.5,1766,31.37,-318.764,-0.1805,0.7911,-364.762,1766,-719.719,-0.40754,0.6012,-749.1,304,-49.221,-0.16191,0.805,304,-105.617,-0.34742,0.637
LIQUIDITY_SWEEP,2.0,1.5,1690,41.36,-272.089,-0.161,0.7686,-305.39,1690,-558.338,-0.33038,0.5869,-581.49,275,-13.576,-0.04937,0.9211,275,-51.713,-0.18805,0.7314
LIQUIDITY_SWEEP,2.0,2.0,1537,35.59,-226.478,-0.14735,0.8069,-260.938,1537,-486.543,-0.31655,0.6384,-511.769,259,-3.024,-0.01167,0.9832,259,-39.716,-0.15334,0.8033
LIQUIDITY_SWEEP,2.0,2.5,1438,31.57,-209.416,-0.14563,0.8192,-250.887,1438,-451.255,-0.31381,0.66,-474.376,245,13.406,0.05472,1.0759,245,-21.682,-0.0885,0.8907
TREND_PULLBACK,1.0,1.5,2590,40.85,-955.748,-0.36901,0.5521,-967.867,2590,-1830.671,-0.70682,0.3172,-1836.034,466,-117.979,-0.25317,0.6661,466,-235.389,-0.50513,0.4464
TREND_PULLBACK,1.0,2.0,2430,34.9,-840.262,-0.34579,0.6192,-858.858,2430,-1660.767,-0.68344,0.3961,-1673.052,437,-122.145,-0.27951,0.6744,437,-232.84,-0.53282,0.4819
TREND_PULLBACK,1.0,2.5,2308,30.5,-749.486,-0.32473,0.6651,-780.836,2308,-1524.671,-0.6606,0.4523,-1543.462,410,-101.124,-0.24664,0.7276,410,-204.757,-0.49941,0.5383
TREND_PULLBACK,1.5,1.5,2031,41.85,-435.003,-0.21418,0.7081,-457.842,2031,-888.126,-0.43728,0.4955,-900.397,360,-82.662,-0.22962,0.6886,360,-144.676,-0.40188,0.5248
TREND_PULLBACK,1.5,2.0,1848,35.88,-343.067,-0.18564,0.7702,-368.35,1848,-752.488,-0.40719,0.5723,-768.527,328,-68.528,-0.20893,0.7408,328,-125.714,-0.38327,0.5854
TREND_PULLBACK,1.5,2.5,1710,29.77,-385.248,-0.22529,0.745,-416.506,1710,-765.822,-0.44785,0.5696,-786.315,299,-63.181,-0.21131,0.7522,299,-114.937,-0.38441,0.6061
TREND_PULLBACK,2.0,1.5,1623,43.13,-191.603,-0.11805,0.8254,-224.0,1623,-461.265,-0.2842,0.6319,-477.952,277,-50.028,-0.18061,0.7405,277,-86.532,-0.31239,0.5986
TREND_PULLBACK,2.0,2.0,1427,34.69,-233.679,-0.16376,0.7886,-276.748,1427,-471.969,-0.33074,0.6262,-499.937,250,-52.692,-0.21077,0.726,250,-85.961,-0.34384,0.5997
TREND_PULLBACK,2.0,2.5,1299,30.95,-182.013,-0.14012,0.8286,-230.071,1299,-399.823,-0.30779,0.671,-434.847,223,-51.704,-0.23186,0.716,223,-81.757,-0.36662,0.5987
BREAKOUT_RETEST,1.0,1.5,1292,38.47,-516.943,-0.40011,0.5217,-527.691,1292,-924.036,-0.7152,0.3089,-928.493,295,-85.304,-0.28917,0.6257,295,-160.565,-0.54429,0.4145
BREAKOUT_RETEST,1.0,2.0,1258,31.8,-519.963,-0.41332,0.5564,-539.88,1258,-918.502,-0.73013,0.3647,-926.908,288,-82.294,-0.28574,0.6656,288,-155.404,-0.5396,0.4711
BREAKOUT_RETEST,1.0,2.5,1232,27.92,-484.594,-0.39334,0.6006,-520.938,1232,-875.96,-0.71101,0.4139,-890.763,284,-81.348,-0.28644,0.6869,284,-153.646,-0.54101,0.5033
BREAKOUT_RETEST,1.5,1.5,1193,40.49,-278.776,-0.23368,0.6849,-299.447,1193,-532.298,-0.44618,0.4873,-541.644,273,-61.587,-0.2256,0.6912,273,-107.52,-0.39384,0.5272
BREAKOUT_RETEST,1.5,2.0,1141,33.65,-275.651,-0.24159,0.7075,-307.196,1141,-518.999,-0.45486,0.5293,-533.499,256,-53.136,-0.20756,0.7399,256,-96.123,-0.37548,0.587
BREAKOUT_RETEST,1.5,2.5,1103,27.47,-327.891,-0.29727,0.6717,-350.561,1103,-564.389,-0.51169,0.5174,-578.999,243,-39.385,-0.16208,0.8082,243,-80.858,-0.33275,0.6557
BREAKOUT_RETEST,2.0,1.5,1095,39.82,-215.866,-0.19714,0.7236,-240.51,1095,-392.694,-0.35862,0.5573,-405.831,244,-46.28,-0.18967,0.7307,244,-76.958,-0.3154,0.5962
BREAKOUT_RETEST,2.0,2.0,1027,32.23,-245.931,-0.23946,0.7025,-265.02,1027,-412.918,-0.40206,0.5608,-424.314,231,-44.074,-0.1908,0.7563,231,-73.686,-0.31899,0.634
BREAKOUT_RETEST,2.0,2.5,990,28.08,-248.201,-0.25071,0.7067,-275.372,990,-409.964,-0.41411,0.5746,-423.241,214,-23.67,-0.11061,0.8629,214,-51.838,-0.24223,0.7311
