coin,side,opened_at,closed_at,result,R_gross,entry,sl,tp,entry_score,4h_state,4h_close,4h_ema20,4h_ema50,4h_slope4,4h_bars,1h_state,1h_close,1h_ema20,1h_ema50,1h_slope4,1h_bars,30m_state,30m_close,30m_ema20,30m_ema50,30m_slope4,30m_bars,15m_state,15m_close,15m_ema20,15m_ema50,15m_slope4,15m_bars,entry_vs_15m_context_close_pct,recorded_exit,path_window_min_low,path_window_max_high,path_window_first_open,path_window_last_close,exit_minute_open,exit_minute_high,exit_minute_low,ohlc_path_result,ohlc_path_ambiguous,ohlc_path_touch_utc,ohlc_path_bars,ohlc_path_matches_recorded,ohlc_path_5m_result,ohlc_path_5m_ambiguous,ohlc_path_5m_matches_recorded,path_5m_min_low,path_5m_max_high,atr_minus10_result,atr_minus10_ambiguous,atr_minus10_5m_result,atr_minus10_5m_ambiguous,atr_plus10_result,atr_plus10_ambiguous,atr_plus10_5m_result,atr_plus10_5m_ambiguous,one_bar_delay_result,one_bar_delay_ambiguous,one_bar_delay_5m_result,one_bar_delay_5m_ambiguous,estimated_cost_R,R_net_est,keep_30m_gate,keep_1h30m_gate,keep_strict_4h1h30m
ORDI/USDT:USDT,LONG,2026-09-25T22:00:00+00:00,2026-09-25T22:35:00+00:00,TP,1.25,4.678,4.626927334118747,4.741840832351566,35.41836473919407,BULL,4.691,4.63347831437482,4.56185782185624,0.0014416654144955299,83,BULL,4.651,4.638115296782618,4.624732790002424,0.005020408920402231,336,MIXED,4.651,4.662027095618502,4.631821162313398,0.0030970852707468133,673,MIXED,4.651,4.678512065723774,4.6561196622175105,-0.0015186012913617208,1346,0.577,4.741840832351566,4.643,4.742,4.646,4.741,4.728,4.73,4.723,TP,False,2026-09-25T22:39:00+00:00,39,True,TP,False,True,4.661,4.742,TP,False,TP,False,TIMEOUT,False,TIMEOUT,False,TP,False,TP,False,0.1282329772099092,1.1217670227900909,True,True,True
ARB/USDT:USDT,LONG,2026-09-25T22:00:00+00:00,2026-09-25T22:45:00+00:00,TP,1.25,0.22329,0.21870389253935937,0.22902263432580075,33.295795344993124,BULL,0.22275,0.22011385762801122,0.20943391750665044,0.003214900222310968,83,MIXED,0.22081,0.22145150550281467,0.2208248427163664,0.0031374346728600955,336,MIXED,0.22081,0.2226589986515006,0.22123549624713715,0.0003905901943936918,673,MIXED,0.22081,0.22304779069033703,0.22241107391175124,-0.0038552051531252074,1346,1.111,0.22902263432580075,0.21927,0.23024,0.22036,0.22995,0.22788,0.22788,0.227,TP,False,2026-09-25T22:48:00+00:00,49,True,TP,False,True,0.2214,0.23024,TP,False,TP,False,TP,False,TP,False,TP,False,TP,False,0.06816368841831136,1.1818363115816886,True,True,True
RUNE/USDT:USDT,LONG,2026-09-25T21:30:00+00:00,2026-09-26T02:15:00+00:00,TP,1.25,0.6468,0.6364362557958976,0.6597546802551282,33.36369227338014,BULL,0.6454,0.628000489491373,0.5971060669420317,0.010496226262530772,83,BULL,0.6442,0.6398767586873922,0.6341276278374818,0.002614960031471325,335,BULL,0.6441,0.6426187904830709,0.6390546688849041,0.0016056720236068411,672,BULL,0.6441,0.6430902851982867,0.6416111482218598,-9.596828653590794e-05,1344,0.417,0.6597546802551282,0.6436,0.6657,0.6452,0.6635,0.6583,0.6617,0.6582,TP,False,2026-09-26T02:14:00+00:00,289,True,TP,False,True,0.6436,0.6657,TP,False,TP,False,TP,False,TP,False,TP,False,TP,False,0.08737382765984825,1.1626261723401519,True,True,True
TIA/USDT:USDT,LONG,2026-09-26T01:30:00+00:00,2026-09-26T03:10:00+00:00,SL,-1.0,0.4944,0.487123558698885,0.5034955516263937,37.75325809720013,BULL,0.4947,0.47900069851763816,0.44800955172050994,0.014886306015114315,84,BULL,0.4911,0.4903148120097381,0.48519056859312415,0.0016289778791918064,339,MIXED,0.4913,0.49158645735660844,0.4897872005827756,0.001289842840993316,680,MIXED,0.4913,0.49227323919571175,0.49153939868913715,-0.0010906122426936893,1360,0.627,0.487123558698885,0.484,0.4963,0.4921,0.4854,0.4879,0.4879,0.4851,SL,False,2026-09-26T03:10:00+00:00,104,True,SL,False,True,0.484,0.4963,SL,False,SL,False,SL,False,SL,False,SL,False,SL,False,0.09512342247493133,-1.0951234224749313,True,True,True
FIL/USDT:USDT,LONG,2026-09-26T04:00:00+00:00,2026-09-26T06:15:00+00:00,TP,1.25,1.045,1.02711174380789,1.0673603202401374,43.37930956531156,BULL,1.0347,1.0022494669365192,0.9674540205198707,0.016780584184177938,85,BULL,1.0347,1.0282790259386851,1.0104799843639138,0.005135954018041566,342,MIXED,1.0347,1.0370828517435497,1.0243350746511364,-0.00038722213956388085,685,MIXED,1.0347,1.039638237061815,1.0351895308697086,-0.0028117867435217825,1370,0.986,1.0673603202401374,1.0347,1.0678,1.0347,1.0601,1.0584,1.0678,1.057,TP,False,2026-09-26T06:15:00+00:00,139,True,TP,False,True,1.0389,1.0678,TP,False,TP,False,TIMEOUT,False,TIMEOUT,False,TIMEOUT,False,TIMEOUT,False,0.08178550129695134,1.1682144987030487,True,True,True
IMX/USDT:USDT,LONG,2026-09-25T22:00:00+00:00,2026-09-26T06:35:00+00:00,TP,1.25,0.1597,0.1568599623336088,0.163250047082989,27.263658807257357,BULL,0.1599,0.1519796136126166,0.1445211036024126,0.02083398309143436,83,BULL,0.1582,0.1575735361792236,0.15432699415320192,0.006489744454866386,336,MIXED,0.1582,0.15918408679942386,0.15690369188137365,0.0006078685857549004,673,MIXED,0.1582,0.1596657372326631,0.15884372277756706,-0.0027850545404703997,1346,0.939,0.163250047082989,0.1579,0.1631,0.158,0.1626,0.162,0.1621,0.1619,TIMEOUT,False,,519,False,TIMEOUT,False,False,0.1587,0.1631,TP,False,TP,False,TIMEOUT,False,TIMEOUT,False,TP,False,TP,False,0.07872430800683693,1.171275691993163,True,True,True
STRK/USDT:USDT,LONG,2026-09-26T09:45:00+00:00,2026-09-26T10:20:00+00:00,TP,1.25,0.04091,0.04040383846121282,0.04154270192348398,29.3845064466362,BULL,0.04119,0.04050135715971402,0.03955779338481663,0.004062669451382561,86,BULL,0.04106,0.0405734789909558,0.04031736213126139,0.005042247032580605,347,MIXED,0.04071,0.040776420714580715,0.040476179155937014,0.002775461454630035,696,MIXED,0.04066,0.04088852156301804,0.04074364032516172,-0.0008808685414440909,1393,0.611,0.04154270192348398,0.04064,0.04175,0.04071,0.04165,0.04139,0.04165,0.04132,TP,False,2026-09-26T10:20:00+00:00,39,True,TP,False,True,0.04064,0.04175,TP,False,TP,False,TP,False,TP,False,TP,False,TP,False,0.11315359941657165,1.1368464005834285,True,True,True
TAO/USDT:USDT,LONG,2026-09-26T07:30:00+00:00,2026-09-26T10:55:00+00:00,TP,1.25,313.36,308.15048327057843,319.87189591177696,42.77592890149289,BULL,311.56,299.7784476684323,284.16855783638096,0.017526616400501238,85,BULL,310.04,308.99361795272796,303.61971944756783,0.0032139141013363126,345,BULL,311.69,311.4031716470446,307.96776171842134,-0.0014279712850661097,692,MIXED,311.69,311.70102917769134,311.1569027118032,-0.0008350175172235907,1384,0.533,319.87189591177696,310.06,320.36,312.01,319.92,319.33,319.38,318.5,TP,False,2026-09-26T10:56:00+00:00,209,True,TP,False,True,310.06,320.36,TP,False,TP,False,TIMEOUT,False,TIMEOUT,False,TP,False,TP,False,0.08421203401120664,1.1657879659887933,True,True,True
LDO/USDT:USDT,LONG,2026-09-26T12:00:00+00:00,2026-09-26T12:40:00+00:00,SL,-1.0,0.4928,0.4876404650192937,0.4992494187258829,55.852456305464926,BULL,0.4905,0.45211679200620813,0.425665062552558,0.043548145902533086,87,BULL,0.4905,0.4833855261712796,0.4617628613064304,0.007890005331798955,350,BULL,0.4905,0.49005611380033515,0.47893626710707593,0.0020392388428360775,701,MIXED,0.4905,0.49176599172733854,0.48869917372050636,0.0005059582748681013,1402,0.467,0.4876404650192937,0.4872,0.4944,0.4898,0.4875,0.4893,0.4895,0.489,SL,False,2026-09-26T12:44:00+00:00,44,True,SL,False,True,0.4872,0.4944,SL,False,SL,False,TIMEOUT,False,TIMEOUT,False,SL,False,SL,False,0.13371747697804218,-1.1337174769780423,True,True,True
LINK/USDT:USDT,LONG,2026-09-26T10:15:00+00:00,2026-09-26T14:10:00+00:00,TP,1.25,14.098,13.89597513271793,14.350531084102588,57.60207272058945,BULL,14.079,13.348870165417773,12.798903045713685,0.02388001634672432,86,BULL,14.024,13.920756023227627,13.585694215502247,0.004062611383329973,348,BULL,14.024,14.00301337253382,13.855403256719383,0.0010761814762305644,697,BULL,14.071,14.031830920965175,13.989496137655191,-0.000399471229431958,1395,0.192,14.350531084102588,14.07,14.45,14.077,14.445,14.334,14.359,14.32,TP,False,2026-09-26T14:10:00+00:00,239,True,TP,False,True,14.071,14.45,TP,False,TP,False,TP,False,TP,False,TP,False,TP,False,0.09769688388134243,1.1523031161186577,True,True,True
DOT/USDT:USDT,LONG,2026-09-26T13:30:00+00:00,2026-09-26T14:50:00+00:00,TP,1.25,1.226,1.2123883675508902,1.2430145405613873,47.99123049520726,BULL,1.2308,1.1782637999746117,1.1458102411478397,0.01811734753889027,87,BULL,1.2295,1.212791975838898,1.18929777651557,0.005285315897005871,351,MIXED,1.2199,1.2221277891102669,1.2077870969968278,0.0022464837436224627,704,MIXED,1.2199,1.2253826195375956,1.2201068104719084,-0.0004265144305101165,1408,0.498,1.2430145405613873,1.2189,1.2536,1.2189,1.2452,1.2346,1.236,1.2328,TP,False,2026-09-26T14:52:00+00:00,84,True,TP,False,True,1.2197,1.2536,TP,False,TP,False,TP,False,TP,False,TP,False,TP,False,0.12609802728784775,1.1239019727121522,True,True,True
JUP/USDT:USDT,LONG,2026-09-27T09:30:00+00:00,2026-09-27T12:50:00+00:00,SL,-1.0,0.3438,0.3383542811703469,0.35060714853706637,42.826048005978755,BULL,0.346,0.3277834603848192,0.3043918816870417,0.021445529421903364,92,BULL,0.3421,0.3409466017435938,0.3344019326690738,0.0018316779104046166,371,BULL,0.3419,0.34127128605346946,0.34036522051486556,0.0030745854956479857,744,BULL,0.3419,0.3418606896806463,0.3413154303668465,0.000343830656781563,1488,0.553,0.3383542811703469,0.3381,0.349,0.3419,0.3383,0.339,0.3392,0.3389,SL,False,2026-09-27T12:52:00+00:00,204,True,SL,False,True,0.3381,0.349,SL,False,SL,False,TIMEOUT,False,TIMEOUT,False,SL,False,SL,False,0.08838502593617374,-1.0883850259361738,True,True,True
AAVE/USDT:USDT,LONG,2026-09-27T09:30:00+00:00,2026-09-27T13:00:00+00:00,SL,-1.0,156.12,154.32786147608348,158.36017315489565,22.03284898303832,BULL,157.23,150.90579295777025,144.8765600434645,0.015746539124460668,92,BULL,155.84,155.0505724371295,152.7545844623192,0.0038474526626688377,371,BULL,155.71,155.56069425340482,154.75253971117843,0.0019488702039391903,744,MIXED,155.71,155.85523629018795,155.45119095845618,-1.794151287592971e-05,1488,0.263,154.32786147608348,153.94,156.98,155.68,154.28,154.88,154.88,154.44,SL,False,2026-09-27T13:01:00+00:00,214,True,SL,False,True,153.94,156.98,SL,False,SL,False,SL,False,SL,False,SL,False,SL,False,0.12195932238672255,-1.1219593223867226,True,True,True
QNT/USDT:USDT,LONG,2026-09-30T10:00:00+00:00,2026-09-30T11:15:00+00:00,TP,1.25,289.67,273.12001958263306,310.3574755217087,39.498776881362986,BULL,285.16,232.15365678091263,172.07392246917402,0.11148062422088434,110,BULL,284.13,273.334582707963,252.6684408837311,0.02045652918453067,444,BULL,284.13,281.7813690860604,270.2027247525315,0.005742550297480831,889,MIXED,284.13,284.54659231880015,279.8692659984951,-0.00313284569126826,1778,1.913,310.3574755217087,281.9,313.6,284.03,310.7,303.2,303.75,301.64,TP,False,2026-09-30T11:17:00+00:00,79,True,TP,False,True,284.0,313.6,TP,False,TP,False,TP,False,TP,False,TP,False,TP,False,0.02450383564046052,1.2254961643595395,True,True,True
WLD/USDT:USDT,LONG,2026-09-30T20:15:00+00:00,2026-10-01T07:55:00+00:00,SL,-1.0,0.5373,0.519591476088796,0.559435654889005,54.871906918444665,BULL,0.5311,0.5081956659756344,0.48778865442543656,0.020130087632598714,113,BULL,0.5311,0.5221824010909794,0.5116549286912944,0.011792441853490931,454,BULL,0.5311,0.5303629457762692,0.5182016813756335,-9.133476783018679e-05,909,MIXED,0.5329,0.5332070586967573,0.5281060545647516,-0.0013288670291404792,1819,0.819,0.519591476088796,0.518,0.5467,0.5328,0.5194,0.5219,0.5225,0.5212,SL,False,2026-10-01T07:58:00+00:00,704,True,SL,False,True,0.518,0.5467,SL,False,SL,False,TIMEOUT,False,TIMEOUT,False,SL,False,SL,False,0.042477848733856176,-1.0424778487338562,True,True,True
AAVE/USDT:USDT,LONG,2026-10-01T11:15:00+00:00,2026-10-01T14:05:00+00:00,TP,1.25,165.24,162.1166272851783,169.14421589352713,40.12261265914558,BULL,164.69,159.30128369537906,153.34045890792405,0.009372030413755006,116,BULL,164.9,163.366601195781,161.47992453492168,0.004702291983856188,469,BULL,164.9,164.4340322076099,162.9625211732503,0.0005314327369372318,939,MIXED,164.63,165.03887021131712,164.12960308169994,-0.0011509954928847765,1879,0.369,169.14421589352713,162.23,170.97,164.47,170.68,165.66,166.1,165.26,TP,False,2026-10-01T14:09:00+00:00,174,True,TP,False,True,162.23,170.97,SL,False,SL,False,TP,False,TP,False,TP,False,TP,False,0.07406608852738412,1.175933911472616,True,True,True
1000PEPE/USDT:USDT,LONG,2026-10-02T07:45:00+00:00,2026-10-02T11:40:00+00:00,SL,-1.0,0.0045424,0.004465636150054947,0.004638354812431317,58.781747481281485,BULL,0.0044761,0.004353976859045728,0.004321081081736585,0.011058775625457207,121,BULL,0.0045561,0.004457039193019575,0.004389690457206421,0.012742468115909178,489,BULL,0.0045206,0.004500681313844735,0.004438791548438476,0.006003695296091571,980,MIXED,0.0045159,0.004533068372542495,0.0044849084585885405,-3.8087808409859036e-05,1961,0.583,0.004465636150054947,0.0044158,0.0046239,0.004523,0.004452,0.0045176,0.0045176,0.004509,SL,False,2026-10-02T11:43:00+00:00,239,True,SL,False,True,0.0044158,0.0046239,SL,False,SL,False,SL,False,SL,False,SL,False,SL,False,0.08284316126082739,-1.0828431612608274,True,True,True
ZRO/USDT:USDT,LONG,2026-10-02T12:15:00+00:00,2026-10-02T13:25:00+00:00,TP,1.25,1.8614,1.8176902379188515,1.9160372026014354,53.15788155249417,BULL,1.8469,1.732610735294871,1.6149452553943706,0.028663588071947688,123,BULL,1.8469,1.8221068085317955,1.7671520318636496,0.00771627737117897,494,BULL,1.8469,1.8449529115186605,1.80884472245501,-0.0002260172909653857,989,MIXED,1.8447,1.8512352163425168,1.8400853155183998,-0.0012150011948453,1979,0.897,1.9160372026014354,1.8389,1.9307,1.8459,1.9239,1.9039,1.9116,1.902,TP,False,2026-10-02T13:26:00+00:00,74,True,TP,False,True,1.8389,1.9307,TP,False,TP,False,TP,False,TP,False,TP,False,TP,False,0.05961963359951403,1.190380366400486,True,True,True
SAND/USDT:USDT,LONG,2026-10-03T09:45:00+00:00,2026-10-03T10:50:00+00:00,SL,-1.0,0.07642,0.07086867730723921,0.08335915336595098,62.28230849941293,BULL,0.0779,0.056831747716751174,0.04957956330907233,0.15595414789341744,128,BULL,0.07346,0.06945404224560715,0.06039433998069685,0.05712369472236878,515,BULL,0.0738,0.07363188428234613,0.0674235112158732,0.006544759381468257,1032,MIXED,0.07434,0.07529288228812828,0.07259190961106078,-0.009679295411750166,2065,2.722,0.07086867730723921,0.07064,0.07749,0.07464,0.07087,0.07172,0.07208,0.07155,SL,False,2026-10-03T10:54:00+00:00,69,True,SL,False,True,0.07064,0.07749,SL,False,SL,False,TIMEOUT,False,TIMEOUT,False,SL,False,SL,False,0.019272524030987757,-1.0192725240309877,True,True,True
SUI/USDT:USDT,LONG,2026-10-03T19:45:00+00:00,2026-10-03T22:45:00+00:00,TP,1.25,1.1741,1.165701927499764,1.1845975906252948,37.4107592079105,BULL,1.1766,1.164538258973423,1.1350170760257141,0.0026194781696096126,130,BULL,1.173,1.1707469347408372,1.1680709037086987,0.0013456489007841466,525,MIXED,1.1707,1.1733429755739424,1.1692937482246109,-0.00043317817567567474,1052,MIXED,1.1712,1.1737922366103366,1.172268742317867,-0.000860932290097205,2105,0.247,1.1845975906252948,1.1691,1.1869,1.1709,1.1856,1.1791,1.1792,1.1791,TP,False,2026-10-03T22:49:00+00:00,184,True,TP,False,True,1.1702,1.1869,TP,False,TP,False,TP,False,TP,False,TP,False,TP,False,0.19572824596999125,1.0542717540300088,True,True,True
LTC/USDT:USDT,LONG,2026-10-04T04:45:00+00:00,2026-10-04T11:55:00+00:00,TP,1.25,70.32,69.68442771097328,71.11446536128338,31.225538685463167,BULL,70.39,69.16231737715809,68.25298333234814,0.004539445065540493,133,BULL,70.39,69.72963847758581,69.36751860324758,0.0044518970923450585,534,BULL,70.25,69.96981214536655,69.65731302592596,0.0030902442331837143,1070,MIXED,69.91,70.20135422048406,69.89234763015824,-3.7831963823120596e-05,2141,0.583,71.11446536128338,69.84,71.16,69.85,71.14,71.08,71.1,71.06,TP,False,2026-10-04T11:59:00+00:00,434,True,TP,False,True,69.99,71.16,TP,False,TP,False,TIMEOUT,False,TIMEOUT,False,TP,False,TP,False,0.15489662104488391,1.0951033789551161,True,True,True
ETH/USDT:USDT,LONG,2026-10-04T12:15:00+00:00,2026-10-04T12:50:00+00:00,SL,-1.0,2701.01,2695.5210741227024,2707.8711573466226,31.6184228472791,BULL,2698.9,2691.4731830457918,2685.350059838396,0.000872069618665483,135,BULL,2698.9,2693.200573943658,2691.482588101148,0.001177827949104815,542,BULL,2698.9,2696.836054667334,2691.982004503462,0.0007976612460667276,1085,MIXED,2697.72,2699.10649993191,2695.4187351161713,6.944017751497888e-05,2171,0.122,2695.5210741227024,2693.36,2702.35,2697.47,2695.39,2697.51,2697.51,2697.5,SL,False,2026-10-04T12:17:00+00:00,39,True,SL,False,True,2693.36,2702.35,SL,False,SL,False,SL,False,SL,False,SL,False,SL,False,0.688916936488419,-1.6889169364884191,True,True,True
SUI/USDT:USDT,LONG,2026-10-04T22:30:00+00:00,2026-10-05T02:10:00+00:00,TP,1.25,1.2147,1.1908248469394955,1.2445439413256303,60.44548319841423,BULL,1.2139,1.181695188983275,1.1499741271753636,0.011718849571028978,137,MIXED,1.1984,1.199271010657714,1.186041730038239,0.004062601863526805,552,MIXED,1.2068,1.207178598777952,1.1961235561388166,-0.0012710659006482938,1106,MIXED,1.2068,1.210180648122266,1.2059587949655244,-0.001962583811153884,2212,0.65,1.2445439413256303,1.2026,1.2514,1.2079,1.2475,1.2416,1.243,1.2416,TP,False,2026-10-05T02:11:00+00:00,224,True,TP,False,True,1.2026,1.2514,TP,False,TP,False,TP,False,TP,False,TP,False,TP,False,0.0712280250388508,1.1787719749611492,True,True,True
SUI/USDT:USDT,LONG,2026-10-05T11:45:00+00:00,2026-10-05T12:35:00+00:00,SL,-1.0,1.2399,1.2237432815781817,1.260095898027273,54.2658697101177,BULL,1.2431,1.193750189097968,1.1587385491858664,0.013107792535727247,140,BULL,1.2373,1.2214652294018837,1.2032873166511306,0.005741387043683321,565,BULL,1.2364,1.2299585952335432,1.217883568343915,0.0026601214891532887,1132,BULL,1.2352,1.2331672640581377,1.2279842832506915,0.0008524851181674897,2265,0.379,1.2237432815781817,1.2218,1.2438,1.2342,1.2221,1.2256,1.2265,1.225,SL,False,2026-10-05T12:31:00+00:00,54,True,SL,False,True,1.2218,1.2438,SL,False,SL,False,SL,False,SL,False,SL,False,SL,False,0.10743889660513388,-1.1074388966051338,True,True,True
XRP/USDT:USDT,LONG,2026-10-05T13:15:00+00:00,2026-10-05T14:30:00+00:00,SL,-1.0,1.5153,1.5032009847121333,1.5304237691098337,30.610096164880847,BULL,1.5179,1.503394637977479,1.5003782730916728,0.004708737259523144,141,MIXED,1.5087,1.5115247266930878,1.5048336822646555,0.0008750067727139044,567,MIXED,1.5087,1.5143883090321006,1.5102731136810157,-4.05022369879271e-05,1135,MIXED,1.5117,1.5138546349490993,1.513650072772755,-0.0012412777556185528,2271,0.238,1.5032009847121333,1.4988,1.5214,1.5114,1.5009,1.5105,1.5105,1.5077,SL,False,2026-10-05T14:32:00+00:00,79,True,SL,False,True,1.4988,1.5214,SL,False,SL,False,SL,False,SL,False,SL,False,SL,False,0.1753382361726089,-1.175338236172609,True,True,True
NEAR/USDT:USDT,LONG,2026-10-05T12:45:00+00:00,2026-10-05T15:00:00+00:00,SL,-1.0,5.027,4.944358593104792,5.1303017586190105,56.23536362640874,BULL,5.013,4.890497909426131,4.8353201877388905,0.01001004014365181,141,BULL,5.013,4.963577473080186,4.898989334269721,0.005575073720597956,566,MIXED,4.982,5.001845367673234,4.948252086643967,0.0005762769948094437,1134,MIXED,5.004,5.014100288798542,4.992219644174172,-0.0016427247680009804,2269,0.458,4.944358593104792,4.903,5.085,5.003,5.0,4.966,4.975,4.958,SL,False,2026-10-05T15:01:00+00:00,139,True,SL,False,True,4.903,5.085,SL,False,SL,False,SL,False,SL,False,SL,False,SL,False,0.08516069927178473,-1.0851606992717848,True,True,True
INJ/USDT:USDT,LONG,2026-10-06T17:30:00+00:00,2026-10-06T20:10:00+00:00,TP,1.25,7.873,7.726436012157363,8.056204984803298,25.228839818934034,BULL,7.834,7.622457814852345,7.5850813494633105,0.0057983950799362916,148,BULL,7.784,7.713419037456789,7.642643269177951,0.007994068958387501,595,BULL,7.834,7.782360858266933,7.700499205120341,0.0031681869218280756,1192,BULL,7.834,7.827350245904873,7.76318406274704,-0.0008887380599248429,2384,0.495,8.056204984803298,7.786,8.056,7.83,8.035,8.019,8.026,8.001,TIMEOUT,False,,164,False,TIMEOUT,False,False,7.786,8.056,TP,False,TP,False,TIMEOUT,False,TIMEOUT,False,TP,False,TP,False,0.07520401267898288,1.1747959873210172,True,True,True
STRK/USDT:USDT,LONG,2026-10-09T14:30:00+00:00,2026-10-09T20:25:00+00:00,SL,-1.0,0.07334,0.06937266023841171,0.07829917470198537,50.97224204810637,BULL,0.0723,0.05741524079592208,0.052422059078103704,0.0911624714949053,165,BULL,0.07158,0.06676257356885251,0.06040150340035559,0.04384618958981701,664,BULL,0.0718,0.0705824027104741,0.06529275717266957,0.009102792952961902,1330,MIXED,0.0718,0.07207598777864838,0.06955201278449079,-0.004976168086715971,2660,2.1,0.06937266023841171,0.06928,0.07725,0.07243,0.06949,0.06991,0.07013,0.0698,SL,False,2026-10-09T20:28:00+00:00,359,True,SL,False,True,0.06928,0.07725,SL,False,SL,False,TIMEOUT,False,TIMEOUT,False,SL,False,SL,False,0.02588031430887444,-1.0258803143088744,True,True,True
