coin,side,signal_time,entry_time,entry_index,entry,sl,tp,risk_price,score,adx_pct,adx_delta,volr,dist_ema20_atr,fresh_pullback,precision_pass,shield_pass,v3_strict_adx_ok,signal_index,variant,closed_at,exit,result,gross_R,cost_R,R,hold_bars,exit_model,portfolio_max_drawdown_R
ETH,SHORT,2025-02-07T03:30:00+00:00,2025-02-07T03:45:00+00:00,3567,2705.15,2750.6747486483764,2648.2440641895296,45.52474864837632,35.8809572986489,0.635,0.31647120730549716,1.330586006113427,0.19646265926775794,True,True,True,False,3566,V3_ADX_RISING_060,2025-02-07T10:15:00+00:00,2750.6747486483764,SL,-1.0,0.16778027061946554,-1.1677802706194655,26,adverse_stop_gap; SL-first intrabar,-31.17522871806201
DOGE,SHORT,2025-02-07T05:15:00+00:00,2025-02-07T05:30:00+00:00,3574,0.25031,0.25440393172841125,0.2451925853394859,0.004093931728411271,32.30396707931422,0.81,0.8776680043738239,1.6161064773814036,0.4915333583386785,True,True,True,False,3573,V3_ADX_RISING_060,2025-02-07T11:00:00+00:00,0.25440393172841125,SL,-1.0,0.17259679723432644,-1.1725967972343265,22,adverse_stop_gap; SL-first intrabar,-31.17522871806201
ETH,SHORT,2025-02-08T04:45:00+00:00,2025-02-08T05:00:00+00:00,3668,2633.28,2664.5467335569015,2594.196583053874,31.266733556901272,20.9410178585492,0.615,0.10353527808960905,1.2287042240699177,0.1811389540974999,True,True,True,False,3667,V3_ADX_RISING_060,2025-02-08T07:15:00+00:00,2594.196583053874,TP,1.2499999999999927,0.23406561491166938,1.0159343850883233,9,adverse_stop_gap; SL-first intrabar,-31.17522871806201
UNI,SHORT,2025-02-22T08:00:00+00:00,2025-02-22T08:15:00+00:00,5025,8.771,8.872510209515148,8.644112238106066,0.10151020951514766,56.69419587972264,0.725,4.215175878054211,1.363576091462453,0.4000339418299946,True,True,True,False,5024,V3_ADX_RISING_060,2025-02-22T09:15:00+00:00,8.872510209515148,SL,-1.0,0.24333428540146265,-1.2433342854014626,4,adverse_stop_gap; SL-first intrabar,-31.17522871806201
XRP,SHORT,2025-02-25T14:45:00+00:00,2025-02-25T15:00:00+00:00,5340,2.1737,2.275642365196132,2.0462720435048354,0.10194236519613176,64.69055755912011,0.775,9.10320337591256,1.5431192076861082,0.698184989499948,True,True,True,False,5339,V3_ADX_RISING_060,2025-02-25T20:15:00+00:00,2.275642365196132,SL,-1.0,0.061103931611652965,-1.061103931611653,21,adverse_stop_gap; SL-first intrabar,-31.17522871806201
AVAX,SHORT,2025-03-05T03:30:00+00:00,2025-03-05T03:45:00+00:00,6063,19.905,20.378393070654493,19.313258661681886,0.47339307065449177,50.156541266070455,0.635,3.032791095147683,1.2612499301902438,0.64201963846739,True,True,True,False,6062,V3_ADX_RISING_060,2025-03-05T08:15:00+00:00,20.378393070654493,SL,-1.0,0.11913302875545835,-1.1191330287554584,18,adverse_stop_gap; SL-first intrabar,-31.17522871806201
XRP,SHORT,2025-03-27T23:00:00+00:00,2025-03-27T23:15:00+00:00,8253,2.3361,2.363198889073735,2.3022263886578314,0.027098889073735144,53.938428404920494,0.675,2.6401539144559543,1.4852540988705125,0.6875680814856784,True,True,True,False,8252,V3_ADX_RISING_060,2025-03-28T03:00:00+00:00,2.3022263886578314,TP,1.2499999999999918,0.23962816063979403,1.0103718393601977,15,adverse_stop_gap; SL-first intrabar,-31.17522871806201
CRV,LONG,2025-03-28T00:45:00+00:00,2025-03-28T01:00:00+00:00,8260,0.591,0.572406621230671,0.6142417234616612,0.018593378769328983,64.29537543035391,0.99,1.3801743735474616,1.687046685747429,0.5936984576439535,True,True,True,True,8259,V3_ADX_RISING_060,2025-03-28T03:15:00+00:00,0.572406621230671,SL,-1.0,0.08759942396320688,-1.087599423963207,9,adverse_stop_gap; SL-first intrabar,-31.17522871806201
XRP,SHORT,2025-03-28T12:30:00+00:00,2025-03-28T12:45:00+00:00,8307,2.2165,2.249779803538527,2.174900245576841,0.03327980353852711,57.942718175965126,0.78,6.069317368735305,2.0582526620642376,0.6625613528870845,True,True,True,False,8306,V3_ADX_RISING_060,2025-03-28T14:00:00+00:00,2.174900245576841,TP,1.2499999999999967,0.18473547587774233,1.0652645241222543,5,adverse_stop_gap; SL-first intrabar,-31.17522871806201
FET,SHORT,2025-03-28T22:15:00+00:00,2025-03-28T22:30:00+00:00,8346,0.5044,0.5109195723775797,0.4962505345280253,0.006519572377579719,44.38328334656015,0.77,4.034219063124837,2.367360392029639,0.17268245426708964,True,True,True,False,8345,V3_ADX_RISING_060,2025-03-29T00:30:00+00:00,0.5109195723775797,SL,-1.0,0.21802770473365,-1.21802770473365,8,adverse_stop_gap; SL-first intrabar,-31.17522871806201
FET,SHORT,2025-03-29T02:15:00+00:00,2025-03-29T02:30:00+00:00,8362,0.5064,0.5134223838327601,0.49762202020904983,0.007022383832760104,53.37393448026968,0.795,3.750903955511667,1.2215515672551058,0.45223337283387544,True,True,True,False,8361,V3_ADX_RISING_060,2025-03-29T03:00:00+00:00,0.49762202020904983,TP,1.25,0.2001643404530617,1.0498356595469382,2,adverse_stop_gap; SL-first intrabar,-31.17522871806201
UNI,SHORT,2025-03-29T02:15:00+00:00,2025-03-29T02:30:00+00:00,8362,6.163,6.253395681475561,6.05000539815555,0.09039568147556043,58.13144081559641,0.82,6.413382527179852,1.454272783095229,0.3224890035556897,True,True,True,False,8361,V3_ADX_RISING_060,2025-03-29T09:30:00+00:00,6.05000539815555,TP,1.2499999999999976,0.1891484999982049,1.0608515000017926,28,adverse_stop_gap; SL-first intrabar,-31.17522871806201
AVAX,SHORT,2025-03-30T10:00:00+00:00,2025-03-30T10:15:00+00:00,8489,19.509,19.757002013775825,19.19899748278022,0.24800201377582454,30.384416400041104,0.76,0.35218711642774636,1.3847812852341939,0.39948256131839277,True,True,True,False,8488,V3_ADX_RISING_060,2025-03-30T11:00:00+00:00,19.19899748278022,TP,1.249999999999993,0.2185111146915006,1.0314888853084923,3,adverse_stop_gap; SL-first intrabar,-31.17522871806201
SOL,SHORT,2025-03-31T00:15:00+00:00,2025-03-31T00:30:00+00:00,8546,124.28,126.30244388177937,121.75194514777579,2.022443881779367,47.943373492827355,0.905,1.3749692576627126,1.513283801617793,0.6655979779454089,True,True,True,True,8545,V3_ADX_RISING_060,2025-03-31T01:15:00+00:00,126.30244388177937,SL,-1.0,0.17346114005687027,-1.1734611400568702,3,adverse_stop_gap; SL-first intrabar,-31.17522871806201
BNB,SHORT,2025-03-31T13:30:00+00:00,2025-03-31T13:45:00+00:00,8599,595.11,602.4730176864931,585.9062278918836,7.3630176864930945,51.35460726724232,0.74,2.2766952828499996,1.5061280501671204,0.20228056751626916,True,True,True,False,8598,V3_ADX_RISING_060,2025-03-31T14:15:00+00:00,602.4730176864931,SL,-1.0,0.22770775463934,-1.22770775463934,2,adverse_stop_gap; SL-first intrabar,-31.17522871806201
BNB,SHORT,2025-04-06T01:45:00+00:00,2025-04-06T02:00:00+00:00,9128,591.67,594.2513598471398,588.4433001910751,2.581359847139879,34.14649561371028,0.75,1.5031855694579832,1.3343281130780669,0.7494427610761089,True,True,True,False,9127,V3_ADX_RISING_060,2025-04-06T08:15:00+00:00,588.4433001910751,TP,1.250000000000011,0.6400342137877756,0.6099657862122355,25,adverse_stop_gap; SL-first intrabar,-31.17522871806201
DOGE,SHORT,2025-04-07T13:30:00+00:00,2025-04-07T13:45:00+00:00,9271,0.13831,0.14424009738754515,0.13089737826556855,0.005930097387545158,46.163928190324825,0.66,9.813937734300957,1.9169643239524454,0.36960148683237987,True,True,True,False,9270,V3_ADX_RISING_060,2025-04-07T13:45:00+00:00,0.14424009738754515,SL,-1.0,0.06670550422550726,-1.0667055042255074,0,adverse_stop_gap; SL-first intrabar,-31.17522871806201
LINK,SHORT,2025-04-07T13:30:00+00:00,2025-04-07T13:45:00+00:00,9271,10.726,11.145015561542174,10.202230548072285,0.4190155615421727,55.95482397380923,0.905,7.958162560537385,2.0309231010259374,0.3735455713487427,True,True,True,True,9270,V3_ADX_RISING_060,2025-04-07T13:45:00+00:00,11.145015561542174,SL,-1.0,0.07307466499207163,-1.0730746649920717,0,adverse_stop_gap; SL-first intrabar,-31.17522871806201
SOL,SHORT,2025-04-07T13:30:00+00:00,2025-04-07T13:45:00+00:00,9271,101.16,104.44885416126652,97.04893229841684,3.288854161266528,43.39907520067116,0.86,8.035260394942341,1.936958047627623,0.008754742330621698,True,True,True,False,9270,V3_ADX_RISING_060,2025-04-07T13:45:00+00:00,104.44885416126652,SL,-1.0,0.08752361208832746,-1.0875236120883274,0,adverse_stop_gap; SL-first intrabar,-31.17522871806201
UNI,SHORT,2025-04-09T00:30:00+00:00,2025-04-09T00:45:00+00:00,9411,4.772,4.843058342763413,4.6831770715457335,0.07105834276341305,36.487636693798066,0.765,1.2695044735401453,1.3940921588369657,0.6559288700242905,True,True,True,False,9410,V3_ADX_RISING_060,2025-04-09T01:00:00+00:00,4.6831770715457335,TP,1.2500000000000062,0.18628703380033937,1.063712966199667,1,adverse_stop_gap; SL-first intrabar,-31.17522871806201
DOGE,LONG,2025-05-12T12:30:00+00:00,2025-05-12T12:45:00+00:00,12627,0.24551,0.23892982776567462,0.25373521529290677,0.006580172234325388,61.333322928831116,0.975,0.4265988805374974,1.4245538874263792,0.11842213966796891,True,True,True,False,12626,V3_ADX_RISING_060,2025-05-12T13:30:00+00:00,0.23892982776567462,SL,-1.0,0.10306960588873955,-1.1030696058887395,3,adverse_stop_gap; SL-first intrabar,-31.17522871806201
CRV,LONG,2025-05-22T14:45:00+00:00,2025-05-22T15:00:00+00:00,13596,0.798,0.7858304760715672,0.8132119049105411,0.012169523928432846,57.92991171882117,0.91,5.040927697414638,2.1486940961743497,0.24831537369274737,True,True,True,True,13595,V3_ADX_RISING_060,2025-05-22T15:00:00+00:00,0.8132119049105411,TP,1.2499999999999978,0.18535619635905015,1.0646438036409476,0,adverse_stop_gap; SL-first intrabar,-31.17522871806201
SUI,SHORT,2025-06-01T12:30:00+00:00,2025-06-01T12:45:00+00:00,14547,3.2336,3.2783840461855003,3.177619942268125,0.04478404618550025,56.32952997369812,0.915,0.8555034686968668,1.3892963648164958,0.4561928279195124,True,True,True,False,14546,V3_ADX_RISING_060,2025-06-01T13:15:00+00:00,3.2783840461855003,SL,-1.0,0.20357199585979888,-1.2035719958597988,2,adverse_stop_gap; SL-first intrabar,-31.17522871806201
DOGE,SHORT,2025-06-05T05:15:00+00:00,2025-06-05T05:30:00+00:00,14902,0.18912,0.1911668436619092,0.18656144542261352,0.0020468436619091868,54.229254164483955,0.62,1.8765588520362044,1.220007718298984,0.582770906462412,True,True,True,False,14901,V3_ADX_RISING_060,2025-06-05T12:15:00+00:00,0.1911668436619092,SL,-1.0,0.260108571570179,-1.260108571570179,27,adverse_stop_gap; SL-first intrabar,-31.17522871806201
CRV,SHORT,2025-06-15T11:15:00+00:00,2025-06-15T11:30:00+00:00,15886,0.586,0.5935825080974511,0.5765218648781861,0.0075825080974510906,34.36247905608763,0.735,1.3731784002958207,1.4097169291937306,0.36242919217277764,True,True,True,False,15885,V3_ADX_RISING_060,2025-06-15T13:00:00+00:00,0.5935825080974511,SL,-1.0,0.21779277913221956,-1.2177927791322196,6,adverse_stop_gap; SL-first intrabar,-31.17522871806201
ADA,SHORT,2025-06-18T18:00:00+00:00,2025-06-18T18:15:00+00:00,16201,0.5933,0.6009410832539652,0.5837486459325436,0.007641083253965175,62.06536974331165,0.915,3.221121194627507,2.249592068255683,0.5327615156610264,True,True,True,True,16200,V3_ADX_RISING_060,2025-06-18T20:30:00+00:00,0.6009410832539652,SL,-1.0,0.21880896477445597,-1.218808964774456,9,adverse_stop_gap; SL-first intrabar,-31.17522871806201
DOGE,SHORT,2025-06-18T14:45:00+00:00,2025-06-18T15:00:00+00:00,16188,0.16736,0.1702192888696367,0.16378588891295415,0.0028592888696366836,64.43276676972268,0.84,4.13035693440937,1.5260639071297712,0.4720978893629521,True,True,True,False,16187,V3_ADX_RISING_060,2025-06-18T20:45:00+00:00,0.1702192888696367,SL,-1.0,0.16528970172836854,-1.1652897017283685,23,adverse_stop_gap; SL-first intrabar,-31.17522871806201
SOL,SHORT,2025-06-19T11:00:00+00:00,2025-06-19T11:15:00+00:00,16269,145.56,146.8027859024537,144.00651762193286,1.2427859024537042,25.28384775670868,0.78,0.9467646816937645,1.4094989658028225,0.3351826758417551,True,True,True,False,16268,V3_ADX_RISING_060,2025-06-19T13:45:00+00:00,144.00651762193286,TP,1.2500000000000113,0.3261970737440092,0.9238029262560021,10,adverse_stop_gap; SL-first intrabar,-31.17522871806201
SUI,SHORT,2025-06-19T08:30:00+00:00,2025-06-19T08:45:00+00:00,16259,2.8045,2.8315515304728356,2.7706855869089555,0.027051530472835594,55.754686652747246,1.0,1.023791962104248,1.2337847562200837,0.7863355573578896,True,True,True,True,16258,V3_ADX_RISING_060,2025-06-19T16:00:00+00:00,2.8315515304728356,SL,-1.0,0.2916830214314627,-1.2916830214314627,29,adverse_stop_gap; SL-first intrabar,-31.17522871806201
AVAX,LONG,2025-07-14T09:15:00+00:00,2025-07-14T09:30:00+00:00,18662,21.849,21.49102848763686,22.296464390453924,0.3579715123631395,42.61950920989499,0.86,0.9085442885571524,1.286123966128397,0.6435225944531328,True,True,True,False,18661,V3_ADX_RISING_060,2025-07-14T15:00:00+00:00,21.49102848763686,SL,-1.0,0.1694996327560825,-1.1694996327560825,22,adverse_stop_gap; SL-first intrabar,-31.17522871806201
LINK,LONG,2025-07-14T09:15:00+00:00,2025-07-14T09:30:00+00:00,18662,16.132,15.854211345214559,16.479235818481804,0.2777886547854429,50.45705713583226,0.865,1.6951855597929182,1.2450109238236309,0.6206292041894469,True,True,True,False,18661,V3_ADX_RISING_060,2025-07-14T15:45:00+00:00,15.854211345214559,SL,-1.0,0.16120419287061194,-1.161204192870612,25,adverse_stop_gap; SL-first intrabar,-31.17522871806201
XRP,LONG,2025-07-17T04:15:00+00:00,2025-07-17T04:30:00+00:00,18930,3.0558,2.996708802778402,3.1296639965269977,0.05909119722159817,35.9270766501818,0.82,1.3301378754300686,1.2613756697964429,0.6734742836943988,True,True,True,False,18929,V3_ADX_RISING_060,2025-07-17T05:30:00+00:00,3.1296639965269977,TP,1.2499999999999982,0.14654720165278096,1.1034527983472173,4,adverse_stop_gap; SL-first intrabar,-31.17522871806201
BNB,LONG,2025-07-28T11:45:00+00:00,2025-07-28T12:00:00+00:00,20016,851.16,842.9487924854785,861.4240093931518,8.211207514521448,54.222818818441965,0.67,7.609613444428195,1.3417658296480774,0.11623283670598086,True,True,True,False,20015,V3_ADX_RISING_060,2025-07-28T13:30:00+00:00,842.9487924854785,SL,-1.0,0.2888433041407426,-1.2888433041407426,6,adverse_stop_gap; SL-first intrabar,-31.17522871806201
UNI,LONG,2025-08-09T12:15:00+00:00,2025-08-09T12:30:00+00:00,21170,11.22,11.063690404628382,11.415386994214524,0.15630959537161893,59.921029094078904,0.85,7.066993051133579,1.9256403988506954,0.5996900297290877,True,True,True,False,21169,V3_ADX_RISING_060,2025-08-09T13:00:00+00:00,11.063690404628382,SL,-1.0,0.19958574195211684,-1.1995857419521168,2,adverse_stop_gap; SL-first intrabar,-31.17522871806201
SOL,LONG,2025-08-09T22:15:00+00:00,2025-08-09T22:30:00+00:00,21210,182.06,179.97549807828875,184.66562740213908,2.084501921711251,52.89220227426525,0.745,3.1052990250025374,1.4210180657676998,0.44855024410984523,True,True,True,False,21209,V3_ADX_RISING_060,2025-08-09T22:45:00+00:00,179.97549807828875,SL,-1.0,0.24315146559975878,-1.2431514655997589,1,adverse_stop_gap; SL-first intrabar,-31.17522871806201
DOGE,LONG,2025-08-10T03:15:00+00:00,2025-08-10T03:30:00+00:00,21230,0.24207,0.2376819987935293,0.2475550015080884,0.004388001206470704,50.25457545899857,0.825,6.586341662779397,1.6273814128436102,0.5079429662431558,True,True,True,False,21229,V3_ADX_RISING_060,2025-08-10T06:00:00+00:00,0.2376819987935293,SL,-1.0,0.15306577339142424,-1.1530657733914242,10,adverse_stop_gap; SL-first intrabar,-31.17522871806201
UNI,LONG,2025-08-11T08:15:00+00:00,2025-08-11T08:30:00+00:00,21346,11.171,10.975681590242594,11.415148012196756,0.19531840975740522,45.46849020612541,0.745,0.14984241358322947,2.842705424049663,0.4187396082450163,True,True,True,False,21345,V3_ADX_RISING_060,2025-08-11T10:15:00+00:00,10.975681590242594,SL,-1.0,0.1587426104116338,-1.1587426104116338,7,adverse_stop_gap; SL-first intrabar,-31.17522871806201
ETH,LONG,2025-08-13T09:15:00+00:00,2025-08-13T09:30:00+00:00,21542,4639.34,4593.342257846636,4696.837177691705,45.997742153364015,59.33788046438133,0.75,3.832932955361848,1.2554732133847846,0.6259216543941988,True,True,True,False,21541,V3_ADX_RISING_060,2025-08-13T09:45:00+00:00,4696.837177691705,TP,1.24999999999999,0.2841584703264065,0.9658415296735835,1,adverse_stop_gap; SL-first intrabar,-31.17522871806201
BNB,LONG,2025-08-14T06:00:00+00:00,2025-08-14T06:15:00+00:00,21625,855.27,848.1515237135218,864.1680953580977,7.118476286478199,28.85865074413739,0.71,0.9786198286751571,2.041376760953182,0.7720142226175444,True,True,True,False,21624,V3_ADX_RISING_060,2025-08-14T06:30:00+00:00,864.1680953580977,TP,1.25,0.33816412903895243,0.9118358709610476,1,adverse_stop_gap; SL-first intrabar,-31.17522871806201
XRP,SHORT,2025-08-22T06:30:00+00:00,2025-08-22T06:45:00+00:00,22395,2.8484,2.8818343876108923,2.8066070154863842,0.03343438761089246,57.693710252692185,0.765,3.0307119913214606,1.223626291594629,0.7272788634705616,True,True,True,False,22394,V3_ADX_RISING_060,2025-08-22T11:30:00+00:00,2.8066070154863842,TP,1.25,0.23679242801808298,1.013207571981917,19,adverse_stop_gap; SL-first intrabar,-31.17522871806201
ADA,LONG,2025-09-08T21:15:00+00:00,2025-09-08T21:30:00+00:00,24086,0.8646,0.8551657733566866,0.8763927833041418,0.009434226643313393,61.86616324371131,0.885,6.382024602067148,1.3324191393080904,0.554671750122621,True,True,True,False,24085,V3_ADX_RISING_060,2025-09-09T06:00:00+00:00,0.8763927833041418,TP,1.2500000000000058,0.25835608882189876,0.991643911178107,34,adverse_stop_gap; SL-first intrabar,-31.17522871806201
DOGE,LONG,2025-09-10T12:15:00+00:00,2025-09-10T12:30:00+00:00,24242,0.24107,0.23876159008964415,0.24395551238794483,0.0023084099103558575,48.12636278166466,0.93,0.7753241279776972,1.6382476826036976,0.4873048563591087,True,True,True,False,24241,V3_ADX_RISING_060,2025-09-10T12:30:00+00:00,0.24395551238794483,TP,1.25,0.2941573393429266,0.9558426606570734,0,adverse_stop_gap; SL-first intrabar,-31.17522871806201
XRP,LONG,2025-09-13T06:00:00+00:00,2025-09-13T06:15:00+00:00,24505,3.1102,3.0921132403605585,3.1328084495493016,0.018086759639441397,41.49414532285154,0.86,0.8140296813166898,1.4095403474347796,0.47231496272334994,True,True,True,False,24504,V3_ADX_RISING_060,2025-09-13T08:30:00+00:00,3.1328084495493016,TP,1.25,0.48323812576739483,0.7667618742326052,9,adverse_stop_gap; SL-first intrabar,-31.17522871806201
FET,SHORT,2025-09-17T14:15:00+00:00,2025-09-17T14:30:00+00:00,24922,0.6323,0.6386910313618552,0.6243112107976809,0.0063910313618552594,46.28477715518353,0.735,2.6161299025825535,1.23010297625461,0.6084191524214919,True,True,True,False,24921,V3_ADX_RISING_060,2025-09-17T17:15:00+00:00,0.6386910313618552,SL,-1.0,0.27841945112753397,-1.278419451127534,11,adverse_stop_gap; SL-first intrabar,-31.17522871806201
UNI,SHORT,2025-09-20T12:30:00+00:00,2025-09-20T12:45:00+00:00,25203,9.145,9.19841726876887,9.078228414038913,0.053417268768869874,33.13387886821769,0.82,0.3817320241664284,1.2790446877851087,0.519971162451604,True,True,True,False,25202,V3_ADX_RISING_060,2025-09-20T14:45:00+00:00,9.19841726876887,SL,-1.0,0.48075809130927477,-1.4807580913092748,8,adverse_stop_gap; SL-first intrabar,-31.17522871806201
UNI,SHORT,2025-09-21T14:15:00+00:00,2025-09-21T14:30:00+00:00,25306,9.113,9.183220322249921,9.025224597187597,0.07022032224992181,43.629897459803644,0.81,0.6396541166913075,1.657395653519537,0.4137167676882381,True,True,True,False,25305,V3_ADX_RISING_060,2025-09-22T00:15:00+00:00,9.025224597187597,TP,1.2500000000000062,0.36162628741127584,0.8883737125887303,39,adverse_stop_gap; SL-first intrabar,-31.17522871806201
FET,SHORT,2025-09-22T18:45:00+00:00,2025-09-22T19:00:00+00:00,25420,0.587,0.5922199587523502,0.5804750515595621,0.005219958752350262,43.39646526525946,0.75,9.98719889186098,1.2289216390525501,0.3534162372779211,True,True,True,False,25419,V3_ADX_RISING_060,2025-09-22T20:30:00+00:00,0.5922199587523502,SL,-1.0,0.3162683884254788,-1.3162683884254789,6,adverse_stop_gap; SL-first intrabar,-31.17522871806201
XRP,SHORT,2025-09-26T05:45:00+00:00,2025-09-26T06:00:00+00:00,25752,2.7514,2.782710875849769,2.7122614051877885,0.031310875849769104,35.855704399717126,0.775,1.6041934767509538,1.507209239315706,0.5780159726910173,True,True,True,False,25751,V3_ADX_RISING_060,2025-09-26T10:45:00+00:00,2.7122614051877885,TP,1.25,0.24429613543753076,1.0057038645624692,19,adverse_stop_gap; SL-first intrabar,-31.17522871806201
ETH,LONG,2025-10-07T02:15:00+00:00,2025-10-07T02:30:00+00:00,26794,4684.83,4648.894145024213,4729.749818719734,35.93585497578715,46.70058069651111,0.865,2.789726956065529,1.5109180754659792,0.040642711787546346,True,True,True,False,26793,V3_ADX_RISING_060,2025-10-07T05:30:00+00:00,4729.749818719734,TP,1.2500000000000127,0.3667760723958932,0.8832239276041194,12,adverse_stop_gap; SL-first intrabar,-31.17522871806201
SOL,SHORT,2025-10-11T16:30:00+00:00,2025-10-11T16:45:00+00:00,27235,181.96,186.0507971759141,176.84650353010738,4.090797175914105,45.76776478802238,0.765,9.659162009171496,1.2755190456085126,0.6513926524094029,True,True,True,False,27234,V3_ADX_RISING_060,2025-10-11T19:45:00+00:00,176.84650353010738,TP,1.2499999999999982,0.12279491828628805,1.1272050817137103,12,adverse_stop_gap; SL-first intrabar,-31.17522871806201
CRV,SHORT,2025-11-01T09:30:00+00:00,2025-11-01T09:45:00+00:00,29223,0.477,0.4861338933653214,0.46558263329334815,0.009133893365321444,46.30547432547983,0.745,4.489945485302531,1.2510630641293008,0.7285661087440669,True,True,True,False,29222,V3_ADX_RISING_060,2025-11-01T13:30:00+00:00,0.4861338933653214,SL,-1.0,0.14762461053364806,-1.147624610533648,15,adverse_stop_gap; SL-first intrabar,-31.17522871806201
ADA,SHORT,2025-11-02T00:15:00+00:00,2025-11-02T00:30:00+00:00,29282,0.6096,0.6143771781696419,0.6036285272879477,0.004777178169641849,27.018504035264368,0.76,0.9160670055126587,1.21817834310109,0.6697783720206038,True,True,True,False,29281,V3_ADX_RISING_060,2025-11-02T04:45:00+00:00,0.6143771781696419,SL,-1.0,0.3586987942645578,-1.3586987942645579,17,adverse_stop_gap; SL-first intrabar,-31.17522871806201
SUI,SHORT,2025-11-02T22:30:00+00:00,2025-11-02T22:45:00+00:00,29371,2.3103,2.3370916264652144,2.2768104669184814,0.026791626465214602,39.98881648891877,0.755,1.5083828245508712,1.6405699463787893,0.4484224274054184,True,True,True,False,29370,V3_ADX_RISING_060,2025-11-02T23:00:00+00:00,2.3370916264652144,SL,-1.0,0.24285006681094695,-1.242850066810947,1,adverse_stop_gap; SL-first intrabar,-31.17522871806201
LINK,SHORT,2025-11-04T04:30:00+00:00,2025-11-04T04:45:00+00:00,29491,15.267,15.578007842267946,14.878240197165066,0.3110078422679461,49.297638045093386,0.725,6.5961548456622054,1.2198035348440022,0.7112502566112571,True,True,True,False,29490,V3_ADX_RISING_060,2025-11-04T05:30:00+00:00,14.878240197165066,TP,1.2500000000000013,0.13569862408701314,1.1143013759129883,3,adverse_stop_gap; SL-first intrabar,-31.17522871806201
BNB,SHORT,2025-11-04T15:45:00+00:00,2025-11-04T16:00:00+00:00,29536,950.23,971.029462543626,924.2306718204676,20.799462543625964,55.222809422829044,0.835,6.408417006398132,1.3248708521320507,0.41647696605589196,True,True,True,False,29535,V3_ADX_RISING_060,2025-11-04T17:00:00+00:00,924.2306718204676,TP,1.2499999999999987,0.12616888225089548,1.1238311177491032,4,adverse_stop_gap; SL-first intrabar,-31.17522871806201
ETH,SHORT,2025-11-04T15:45:00+00:00,2025-11-04T16:00:00+00:00,29536,3505.99,3576.966194006996,3417.2697574912545,70.97619400699614,53.1840863965756,0.75,4.360200096320291,2.04220489606542,0.5303378815962995,True,True,True,False,29535,V3_ADX_RISING_060,2025-11-04T17:00:00+00:00,3417.2697574912545,TP,1.2500000000000016,0.1365607693691262,1.1134392306308754,4,adverse_stop_gap; SL-first intrabar,-31.17522871806201
BNB,SHORT,2025-11-06T12:00:00+00:00,2025-11-06T12:15:00+00:00,29713,952.25,961.2944787152896,940.944401605888,9.044478715289642,50.93692650544934,0.955,0.11436930667048983,1.2356245679815974,0.4163691021172925,True,True,True,False,29712,V3_ADX_RISING_060,2025-11-06T14:00:00+00:00,940.944401605888,TP,1.25,0.29304863726061225,0.9569513627393877,7,adverse_stop_gap; SL-first intrabar,-31.17522871806201
AVAX,SHORT,2025-11-06T20:30:00+00:00,2025-11-06T20:45:00+00:00,29747,15.943,16.288975457291716,15.510530678385354,0.34597545729171664,49.330723382700015,0.685,1.3527916424245774,1.2803975566726655,0.5360327670036366,True,True,True,False,29746,V3_ADX_RISING_060,2025-11-07T00:45:00+00:00,16.288975457291716,SL,-1.0,0.1304276493871659,-1.130427649387166,16,adverse_stop_gap; SL-first intrabar,-31.17522871806201
BTC,SHORT,2025-11-07T00:15:00+00:00,2025-11-07T00:30:00+00:00,29762,100891.0,101879.32511869782,99655.59360162773,988.3251186978159,29.980992222969128,0.645,1.218164470643302,2.2006789730284364,0.7534912578969665,True,True,True,False,29761,V3_ADX_RISING_060,2025-11-07T02:45:00+00:00,101879.32511869782,SL,-1.0,0.28723185295564047,-1.2872318529556406,9,adverse_stop_gap; SL-first intrabar,-31.17522871806201
LINK,SHORT,2025-11-07T01:30:00+00:00,2025-11-07T01:45:00+00:00,29767,14.625,14.992490295374484,14.165637130781896,0.3674902953744841,61.98670554008333,0.975,1.721614365063978,1.7721985860052156,0.541766170266677,True,True,True,True,29766,V3_ADX_RISING_060,2025-11-07T03:00:00+00:00,14.992490295374484,SL,-1.0,0.11283151401663727,-1.1128315140166372,5,adverse_stop_gap; SL-first intrabar,-31.17522871806201
SOL,SHORT,2025-11-07T01:30:00+00:00,2025-11-07T01:45:00+00:00,29767,155.12,158.0844171443384,151.414478569577,2.964417144338398,43.62738709575333,0.905,0.616452483485304,2.361126448039949,0.4761477806644551,True,True,True,False,29766,V3_ADX_RISING_060,2025-11-07T03:00:00+00:00,158.0844171443384,SL,-1.0,0.1479164917257067,-1.1479164917257068,5,adverse_stop_gap; SL-first intrabar,-31.17522871806201
LINK,SHORT,2025-11-16T00:00:00+00:00,2025-11-16T00:15:00+00:00,30625,14.07,14.187526406903652,13.923091991370436,0.1175264069036519,49.0036902393063,0.615,3.303284952469543,1.4982189310982257,0.7485194989377991,True,True,True,False,30624,V3_ADX_RISING_060,2025-11-16T01:30:00+00:00,13.923091991370436,TP,1.2499999999999962,0.3334597714711624,0.9165402285288338,5,adverse_stop_gap; SL-first intrabar,-31.17522871806201
BNB,SHORT,2025-11-18T00:30:00+00:00,2025-11-18T00:45:00+00:00,30819,902.18,916.8056885632107,883.8978892959866,14.625688563210701,63.57495908011403,0.865,3.329106502275458,1.7125766510235714,0.6672814910943625,True,True,True,False,30818,V3_ADX_RISING_060,2025-11-18T01:00:00+00:00,916.8056885632107,SL,-1.0,0.17411692810102183,-1.1741169281010218,1,adverse_stop_gap; SL-first intrabar,-31.17522871806201
ADA,SHORT,2025-11-20T23:00:00+00:00,2025-11-20T23:15:00+00:00,31101,0.4386,0.4478536878272282,0.42703289021596474,0.009253687827228185,56.82702560777131,0.935,0.5822613027766366,1.9050745558322402,0.2120661131444039,True,True,True,False,31100,V3_ADX_RISING_060,2025-11-21T02:45:00+00:00,0.42703289021596474,TP,1.2500000000000016,0.13096249505375354,1.119037504946248,14,adverse_stop_gap; SL-first intrabar,-31.17522871806201
AVAX,SHORT,2025-11-21T02:00:00+00:00,2025-11-21T02:15:00+00:00,31113,13.864,14.040885355471428,13.642893305660717,0.17688535547142692,49.08414365298356,0.955,0.11299541353515963,1.2648955949044065,0.39242453908876784,True,True,True,False,31112,V3_ADX_RISING_060,2025-11-21T04:30:00+00:00,13.642893305660717,TP,1.25,0.2177096601654264,1.0322903398345735,9,adverse_stop_gap; SL-first intrabar,-31.17522871806201
DOGE,SHORT,2025-11-21T15:30:00+00:00,2025-11-21T15:45:00+00:00,31167,0.13865,0.1429100207812147,0.13332497402348162,0.004260020781214707,61.46999844220592,0.835,4.716075368366766,1.2437224985683835,0.49855363448698464,True,True,True,False,31166,V3_ADX_RISING_060,2025-11-21T17:00:00+00:00,0.1429100207812147,SL,-1.0,0.09253101084199462,-1.0925310108419946,5,adverse_stop_gap; SL-first intrabar,-31.17522871806201
SOL,SHORT,2025-11-21T15:30:00+00:00,2025-11-21T15:45:00+00:00,31167,125.9,130.0609828376495,120.69877145293813,4.160982837649499,62.964787073236316,0.645,3.7252942971363687,1.2407489487942698,0.5412654814504779,True,True,True,False,31166,V3_ADX_RISING_060,2025-11-21T17:00:00+00:00,130.0609828376495,SL,-1.0,0.08612036866153847,-1.0861203686615384,5,adverse_stop_gap; SL-first intrabar,-31.17522871806201
ETH,SHORT,2025-11-21T15:15:00+00:00,2025-11-21T15:30:00+00:00,31166,2728.26,2801.2328717433943,2637.0439103207577,72.97287174339408,57.14352114917999,0.88,5.425750568636836,1.223432652120371,0.10733115674580944,True,True,True,False,31165,V3_ADX_RISING_060,2025-11-21T17:15:00+00:00,2801.2328717433943,SL,-1.0,0.10608449188710374,-1.1060844918871038,7,adverse_stop_gap; SL-first intrabar,-31.17522871806201
BNB,SHORT,2025-11-21T18:00:00+00:00,2025-11-21T18:15:00+00:00,31177,818.21,840.0157034943608,790.9528706320491,21.805703494360728,49.83543497344193,0.855,6.520212841961651,1.4533666245350851,0.6874344217041857,True,True,True,False,31176,V3_ADX_RISING_060,2025-11-22T00:00:00+00:00,840.0157034943608,SL,-1.0,0.10646370503444123,-1.1064637050344412,23,adverse_stop_gap; SL-first intrabar,-31.17522871806201
ETH,SHORT,2025-11-22T08:00:00+00:00,2025-11-22T08:15:00+00:00,31233,2745.64,2779.2950451400893,2703.571193574888,33.65504514008944,63.451004829717505,0.925,3.460021705441754,1.3860989100480618,0.38743330329779896,True,True,True,True,31232,V3_ADX_RISING_060,2025-11-22T10:45:00+00:00,2703.571193574888,TP,1.2499999999999967,0.22667910975158384,1.0233208902484128,10,adverse_stop_gap; SL-first intrabar,-31.17522871806201
LINK,SHORT,2025-11-22T12:00:00+00:00,2025-11-22T12:15:00+00:00,31249,11.847,12.082451101969397,11.552686122538253,0.23545110196939767,57.85103508240375,0.9,4.079539978717804,1.3338808906874422,0.6457539175199459,True,True,True,True,31248,V3_ADX_RISING_060,2025-11-22T16:30:00+00:00,12.082451101969397,SL,-1.0,0.14228530366832354,-1.1422853036683236,17,adverse_stop_gap; SL-first intrabar,-31.17522871806201
ADA,SHORT,2025-12-16T07:15:00+00:00,2025-12-16T07:30:00+00:00,33534,0.3826,0.3864665936134255,0.3777667579832181,0.0038665936134255063,53.20098731732096,0.67,4.575209776968741,1.295964660807488,0.14054968750312644,True,True,True,False,33533,V3_ADX_RISING_060,2025-12-16T10:30:00+00:00,0.3864665936134255,SL,-1.0,0.2784604069381183,-1.2784604069381182,12,adverse_stop_gap; SL-first intrabar,-31.17522871806201
ETH,SHORT,2025-12-17T12:30:00+00:00,2025-12-17T12:45:00+00:00,33651,2919.6,2941.3170768633986,2892.4536539207515,21.717076863398688,60.547519009707415,0.915,3.132874596160761,1.2768451942780454,0.7810991492055576,True,True,True,True,33650,V3_ADX_RISING_060,2025-12-17T13:45:00+00:00,2941.3170768633986,SL,-1.0,0.37782635108860796,-1.377826351088608,4,adverse_stop_gap; SL-first intrabar,-31.17522871806201
ADA,SHORT,2025-12-17T13:00:00+00:00,2025-12-17T13:15:00+00:00,33653,0.3794,0.3827924023117091,0.37515949711036367,0.003392402311709064,44.705441885950115,0.705,2.283459116715264,1.558120133301253,0.2161436469658862,True,True,True,False,33652,V3_ADX_RISING_060,2025-12-17T13:45:00+00:00,0.3827924023117091,SL,-1.0,0.31454682115778065,-1.3145468211577807,2,adverse_stop_gap; SL-first intrabar,-31.17522871806201
BNB,SHORT,2025-12-27T02:00:00+00:00,2025-12-27T02:15:00+00:00,34569,835.15,837.6313034807379,832.0483706490776,2.4813034807378926,44.74017973251315,0.88,5.694167548912329,1.979690156291167,0.09563872563930241,True,True,True,False,34568,V3_ADX_RISING_060,2025-12-27T06:00:00+00:00,837.6313034807379,SL,-1.0,0.9438159592540443,-1.9438159592540443,15,adverse_stop_gap; SL-first intrabar,-31.17522871806201
UNI,SHORT,2026-01-09T14:00:00+00:00,2026-01-09T14:15:00+00:00,35865,5.441,5.511758574431935,5.352551781960081,0.07075857443193545,41.56243011772712,0.735,1.8170318379677681,2.01683343725427,0.48949820341005884,True,True,True,False,35864,V3_ADX_RISING_060,2026-01-09T15:15:00+00:00,5.511758574431935,SL,-1.0,0.2167067684348949,-1.216706768434895,4,adverse_stop_gap; SL-first intrabar,-31.17522871806201
CRV,LONG,2026-01-14T16:00:00+00:00,2026-01-14T16:15:00+00:00,36353,0.436,0.42872466953315574,0.4450941630835553,0.007275330466844254,44.739226059488466,0.645,5.5499908789578924,2.076240345418427,0.38582591356607276,True,True,True,False,36352,V3_ADX_RISING_060,2026-01-14T17:30:00+00:00,0.42872466953315574,SL,-1.0,0.16639993782599047,-1.1663999378259904,5,adverse_stop_gap; SL-first intrabar,-31.17522871806201
UNI,SHORT,2026-01-16T07:30:00+00:00,2026-01-16T07:45:00+00:00,36511,5.299,5.35095531877709,5.234055851528638,0.05195531877708959,30.413192224980968,0.82,0.4327143654045571,1.216615721352595,0.5516623656008092,True,True,True,False,36510,V3_ADX_RISING_060,2026-01-16T15:15:00+00:00,5.234055851528638,TP,1.25,0.28382615176336223,0.9661738482366378,30,adverse_stop_gap; SL-first intrabar,-31.17522871806201
CRV,LONG,2026-01-17T12:15:00+00:00,2026-01-17T12:30:00+00:00,36626,0.437,0.43052274930403406,0.4450965633699574,0.0064772506959659415,44.64623737124678,0.795,2.0922460039380866,1.4312025767318304,0.3996661852252343,True,True,True,False,36625,V3_ADX_RISING_060,2026-01-17T15:45:00+00:00,0.4450965633699574,TP,1.2499999999999958,0.19065730920173632,1.0593426907982595,13,adverse_stop_gap; SL-first intrabar,-31.17522871806201
AVAX,SHORT,2026-01-20T00:00:00+00:00,2026-01-20T00:15:00+00:00,36865,12.695,12.806889101009155,12.555138623738557,0.1118891010091545,53.6593614590487,0.775,5.324858750547055,1.369084104164345,0.7014757138414821,True,True,True,False,36864,V3_ADX_RISING_060,2026-01-20T06:15:00+00:00,12.555138623738557,TP,1.25,0.3159395665386721,0.9340604334613278,24,adverse_stop_gap; SL-first intrabar,-31.17522871806201
BTC,SHORT,2026-01-25T14:15:00+00:00,2026-01-25T14:30:00+00:00,37402,88678.8,89046.70834330936,88218.9145708633,367.90834330936195,36.99379729375191,0.855,0.6973179422446592,2.067045516889865,0.03975189175007658,True,True,True,False,37401,V3_ADX_RISING_060,2026-01-25T16:00:00+00:00,88218.9145708633,TP,1.25,0.6731480949073292,0.5768519050926708,6,adverse_stop_gap; SL-first intrabar,-31.17522871806201
BNB,SHORT,2026-01-26T03:30:00+00:00,2026-01-26T03:45:00+00:00,37455,868.84,876.3094587735084,859.5031765331146,7.469458773508336,59.27470376141512,0.73,4.866309338919507,1.3834776671115219,0.3470262576695063,True,True,True,False,37454,V3_ADX_RISING_060,2026-01-26T08:15:00+00:00,876.3094587735084,SL,-1.0,0.32709320934311265,-1.3270932093431127,18,adverse_stop_gap; SL-first intrabar,-31.17522871806201
SUI,SHORT,2026-01-29T14:15:00+00:00,2026-01-29T14:30:00+00:00,37786,1.3552,1.369463345135339,1.3373708185808262,0.014263345135339112,62.690884051310015,0.62,2.9889124033171797,1.4448936731088495,0.5665904158388938,True,True,True,False,37785,V3_ADX_RISING_060,2026-01-29T14:45:00+00:00,1.3373708185808262,TP,1.2499999999999922,0.26428576958945854,0.9857142304105337,1,adverse_stop_gap; SL-first intrabar,-31.17522871806201
LINK,SHORT,2026-01-30T01:15:00+00:00,2026-01-30T01:30:00+00:00,37830,11.081,11.194668427762384,10.93891446529702,0.11366842776238428,55.10680113540081,0.6,7.579710117696525,1.445308579036712,0.16453574830941697,True,True,True,False,37829,V3_ADX_RISING_060,2026-01-30T01:30:00+00:00,10.93891446529702,TP,1.25,0.271208820762959,0.978791179237041,0,adverse_stop_gap; SL-first intrabar,-31.17522871806201
CRV,SHORT,2026-01-30T08:30:00+00:00,2026-01-30T08:45:00+00:00,37859,0.319,0.32520909681598437,0.3112386289800195,0.006209096815984361,53.74681202653734,0.78,6.117753269058195,1.739756215563029,0.20964747667393913,True,True,True,False,37858,V3_ADX_RISING_060,2026-01-30T11:45:00+00:00,0.32520909681598437,SL,-1.0,0.14525345026358658,-1.1452534502635865,12,adverse_stop_gap; SL-first intrabar,-31.17522871806201
AVAX,SHORT,2026-01-30T13:00:00+00:00,2026-01-30T13:15:00+00:00,37877,10.905,11.059638836559193,10.711701454301007,0.15463883655919375,55.15907401879895,0.695,6.52528731694774,2.122347655945389,0.3371164956266131,True,True,True,False,37876,V3_ADX_RISING_060,2026-01-30T18:15:00+00:00,10.711701454301007,TP,1.25,0.19570363247292658,1.0542963675270733,20,adverse_stop_gap; SL-first intrabar,-31.17522871806201
ADA,SHORT,2026-02-05T02:45:00+00:00,2026-02-05T03:00:00+00:00,38412,0.2841,0.2919241121646555,0.2743198597941806,0.007824112164655506,44.86668937633884,0.915,1.1522741174140592,1.3680976757535264,0.731991134037549,True,True,True,True,38411,V3_ADX_RISING_060,2026-02-05T10:45:00+00:00,0.2743198597941806,TP,1.2500000000000036,0.09992032159808319,1.1500796784019203,31,adverse_stop_gap; SL-first intrabar,-31.17522871806201
UNI,SHORT,2026-02-05T02:45:00+00:00,2026-02-05T03:00:00+00:00,38412,3.76,3.8626913867775556,3.631635766528055,0.10269138677755585,39.508541642229304,0.905,1.1142942803028646,1.314027817391742,0.7432382140047268,True,True,True,True,38411,V3_ADX_RISING_060,2026-02-05T11:15:00+00:00,3.631635766528055,TP,1.25,0.1007707695637137,1.1492292304362863,33,adverse_stop_gap; SL-first intrabar,-31.17522871806201
ETH,SHORT,2026-02-24T13:15:00+00:00,2026-02-24T13:30:00+00:00,40278,1819.86,1834.7645958412372,1801.2292551984533,14.904595841237324,47.67157635280731,0.62,4.265439544448064,1.8941615908702216,0.588822381610786,True,True,True,False,40277,V3_ADX_RISING_060,2026-02-24T13:30:00+00:00,1801.2292551984533,TP,1.2499999999999962,0.34013166215830654,0.9098683378416896,0,adverse_stop_gap; SL-first intrabar,-31.17522871806201
DOGE,SHORT,2026-03-22T13:30:00+00:00,2026-03-22T13:45:00+00:00,42775,0.09123,0.09213227950385833,0.0901021506201771,0.000902279503858322,45.71376968484344,0.76,5.004457915268624,1.3000864532111303,0.32968209513556523,True,True,True,False,42774,V3_ADX_RISING_060,2026-03-22T19:30:00+00:00,0.0901021506201771,TP,1.2500000000000078,0.28135961171972984,0.9686403882802779,23,adverse_stop_gap; SL-first intrabar,-31.17522871806201
FET,LONG,2026-03-26T03:45:00+00:00,2026-03-26T04:00:00+00:00,43120,0.2577,0.2501876047911352,0.2670904940110809,0.007512395208864764,48.10236145729395,0.76,5.133371734523713,1.5130890824289878,0.675391820481882,True,True,True,False,43119,V3_ADX_RISING_060,2026-03-26T05:15:00+00:00,0.2501876047911352,SL,-1.0,0.09464925991493976,-1.0946492599149398,5,adverse_stop_gap; SL-first intrabar,-31.17522871806201
ETH,SHORT,2026-03-28T01:00:00+00:00,2026-03-28T01:15:00+00:00,43301,1985.84,1998.1000329716971,1970.5149587853784,12.260032971697228,47.50637966625553,0.73,6.129095276754018,1.3954810872100483,0.3492354375283478,True,True,True,False,43300,V3_ADX_RISING_060,2026-03-28T06:15:00+00:00,1998.1000329716971,SL,-1.0,0.4549348324785336,-1.4549348324785336,20,adverse_stop_gap; SL-first intrabar,-31.17522871806201
SOL,SHORT,2026-03-28T00:00:00+00:00,2026-03-28T00:15:00+00:00,43297,82.68,83.25920553245544,81.95599308443072,0.5792055324554326,53.94483136234679,0.8,7.181992550952323,1.3199940757430382,0.12895544746489482,True,True,True,False,43296,V3_ADX_RISING_060,2026-03-28T07:00:00+00:00,83.25920553245544,SL,-1.0,0.40109231477914664,-1.4010923147791465,27,adverse_stop_gap; SL-first intrabar,-31.17522871806201
XRP,SHORT,2026-03-27T15:45:00+00:00,2026-03-27T16:00:00+00:00,43264,1.3348,1.3495654407838429,1.3163431990201964,0.014765440783842898,48.22829840332043,0.74,4.358064023133842,1.5980345892756103,0.3718196803743757,True,True,True,False,43263,V3_ADX_RISING_060,2026-03-28T13:30:00+00:00,1.3495654407838429,SL,-1.0,0.25452078756833985,-1.2545207875683397,86,adverse_stop_gap; SL-first intrabar,-31.17522871806201
BTC,SHORT,2026-03-28T01:00:00+00:00,2026-03-28T01:15:00+00:00,43301,66115.7,66564.41137450862,65554.81078186422,448.71137450862443,54.33225217543127,0.675,6.1103675614904205,1.7214548502007028,0.24350580179104614,True,True,True,False,43300,V3_ADX_RISING_060,2026-03-28T13:30:00+00:00,66564.41137450862,SL,-1.0,0.41396801257317317,-1.4139680125731733,49,adverse_stop_gap; SL-first intrabar,-31.17522871806201
AVAX,SHORT,2026-03-29T22:00:00+00:00,2026-03-29T22:15:00+00:00,43481,8.612,8.68774926711136,8.517313416110799,0.07574926711136065,47.538485704853365,0.785,1.8062383704230172,2.466836545230003,0.7757287628443903,True,True,True,False,43480,V3_ADX_RISING_060,2026-03-29T22:30:00+00:00,8.517313416110799,TP,1.2500000000000058,0.31658443305200656,0.9334155669479992,1,adverse_stop_gap; SL-first intrabar,-31.17522871806201
