coin,side,signal_time,entry_time,entry_index,entry,sl,tp,risk_price,score,adx_pct,adx_delta,volr,dist_ema20_atr,fresh_pullback,precision_pass,shield_pass,v3_strict_adx_ok,signal_index,variant,closed_at,result,R
DOGE,SHORT,2025-02-07T05:15:00+00:00,2025-02-07T05:30:00+00:00,3574,0.25031,0.25440393172841125,0.2451925853394859,0.004093931728411271,32.30396707931422,0.81,0.8776680043738239,1.6161064773814036,0.4915333583386785,True,True,True,False,3573,V3_ADX_RISING_070,2025-02-07T11:00:00+00:00,SL,-1.0
UNI,SHORT,2025-02-22T08:00:00+00:00,2025-02-22T08:15:00+00:00,5025,8.771,8.872510209515148,8.644112238106066,0.10151020951514766,56.69419587972264,0.725,4.215175878054211,1.363576091462453,0.4000339418299946,True,True,True,False,5024,V3_ADX_RISING_070,2025-02-22T09:15:00+00:00,SL,-1.0
XRP,SHORT,2025-02-25T14:45:00+00:00,2025-02-25T15:00:00+00:00,5340,2.1737,2.275642365196132,2.0462720435048354,0.10194236519613176,64.69055755912011,0.775,9.10320337591256,1.5431192076861082,0.698184989499948,True,True,True,False,5339,V3_ADX_RISING_070,2025-02-25T20:15:00+00:00,SL,-1.0
CRV,LONG,2025-03-28T00:45:00+00:00,2025-03-28T01:00:00+00:00,8260,0.591,0.572406621230671,0.6142417234616612,0.018593378769328983,64.29537543035391,0.99,1.3801743735474616,1.687046685747429,0.5936984576439535,True,True,True,True,8259,V3_ADX_RISING_070,2025-03-28T03:15:00+00:00,SL,-1.0
XRP,SHORT,2025-03-28T12:30:00+00:00,2025-03-28T12:45:00+00:00,8307,2.2165,2.249779803538527,2.174900245576841,0.03327980353852711,57.942718175965126,0.78,6.069317368735305,2.0582526620642376,0.6625613528870845,True,True,True,False,8306,V3_ADX_RISING_070,2025-03-28T14:00:00+00:00,TP,1.25
FET,SHORT,2025-03-28T22:15:00+00:00,2025-03-28T22:30:00+00:00,8346,0.5044,0.5109195723775797,0.4962505345280253,0.006519572377579719,44.38328334656015,0.77,4.034219063124837,2.367360392029639,0.17268245426708964,True,True,True,False,8345,V3_ADX_RISING_070,2025-03-29T00:30:00+00:00,SL,-1.0
FET,SHORT,2025-03-29T02:15:00+00:00,2025-03-29T02:30:00+00:00,8362,0.5064,0.5134223838327601,0.49762202020904983,0.007022383832760104,53.37393448026968,0.795,3.750903955511667,1.2215515672551058,0.45223337283387544,True,True,True,False,8361,V3_ADX_RISING_070,2025-03-29T03:00:00+00:00,TP,1.25
UNI,SHORT,2025-03-29T02:15:00+00:00,2025-03-29T02:30:00+00:00,8362,6.163,6.253395681475561,6.05000539815555,0.09039568147556043,58.13144081559641,0.82,6.413382527179852,1.454272783095229,0.3224890035556897,True,True,True,False,8361,V3_ADX_RISING_070,2025-03-29T09:30:00+00:00,TP,1.25
AVAX,SHORT,2025-03-30T10:00:00+00:00,2025-03-30T10:15:00+00:00,8489,19.509,19.757002013775825,19.19899748278022,0.24800201377582454,30.384416400041104,0.76,0.35218711642774636,1.3847812852341939,0.39948256131839277,True,True,True,False,8488,V3_ADX_RISING_070,2025-03-30T11:00:00+00:00,TP,1.25
SOL,SHORT,2025-03-31T00:15:00+00:00,2025-03-31T00:30:00+00:00,8546,124.28,126.30244388177937,121.75194514777579,2.022443881779367,47.943373492827355,0.905,1.3749692576627126,1.513283801617793,0.6655979779454089,True,True,True,True,8545,V3_ADX_RISING_070,2025-03-31T01:15:00+00:00,SL,-1.0
BNB,SHORT,2025-03-31T13:30:00+00:00,2025-03-31T13:45:00+00:00,8599,595.11,602.4730176864931,585.9062278918836,7.3630176864930945,51.35460726724232,0.74,2.2766952828499996,1.5061280501671204,0.20228056751626916,True,True,True,False,8598,V3_ADX_RISING_070,2025-03-31T14:15:00+00:00,SL,-1.0
BNB,SHORT,2025-04-06T01:45:00+00:00,2025-04-06T02:00:00+00:00,9128,591.67,594.2513598471398,588.4433001910751,2.581359847139879,34.14649561371028,0.75,1.5031855694579832,1.3343281130780669,0.7494427610761089,True,True,True,False,9127,V3_ADX_RISING_070,2025-04-06T08:15:00+00:00,TP,1.25
LINK,SHORT,2025-04-07T13:30:00+00:00,2025-04-07T13:45:00+00:00,9271,10.726,11.145015561542174,10.202230548072285,0.4190155615421727,55.95482397380923,0.905,7.958162560537385,2.0309231010259374,0.3735455713487427,True,True,True,True,9270,V3_ADX_RISING_070,2025-04-07T14:00:00+00:00,SL,-1.0
SOL,SHORT,2025-04-07T13:30:00+00:00,2025-04-07T13:45:00+00:00,9271,101.16,104.44885416126652,97.04893229841684,3.288854161266528,43.39907520067116,0.86,8.035260394942341,1.936958047627623,0.008754742330621698,True,True,True,False,9270,V3_ADX_RISING_070,2025-04-07T14:00:00+00:00,SL,-1.0
UNI,SHORT,2025-04-09T00:30:00+00:00,2025-04-09T00:45:00+00:00,9411,4.772,4.843058342763413,4.6831770715457335,0.07105834276341305,36.487636693798066,0.765,1.2695044735401453,1.3940921588369657,0.6559288700242905,True,True,True,False,9410,V3_ADX_RISING_070,2025-04-09T01:00:00+00:00,TP,1.25
DOGE,LONG,2025-05-12T12:30:00+00:00,2025-05-12T12:45:00+00:00,12627,0.24551,0.23892982776567462,0.25373521529290677,0.006580172234325388,61.333322928831116,0.975,0.4265988805374974,1.4245538874263792,0.11842213966796891,True,True,True,False,12626,V3_ADX_RISING_070,2025-05-12T13:30:00+00:00,SL,-1.0
CRV,LONG,2025-05-22T14:45:00+00:00,2025-05-22T15:00:00+00:00,13596,0.798,0.7858304760715672,0.8132119049105411,0.012169523928432846,57.92991171882117,0.91,5.040927697414638,2.1486940961743497,0.24831537369274737,True,True,True,True,13595,V3_ADX_RISING_070,2025-05-22T15:15:00+00:00,TP,1.25
SUI,SHORT,2025-06-01T12:30:00+00:00,2025-06-01T12:45:00+00:00,14547,3.2336,3.2783840461855003,3.177619942268125,0.04478404618550025,56.32952997369812,0.915,0.8555034686968668,1.3892963648164958,0.4561928279195124,True,True,True,False,14546,V3_ADX_RISING_070,2025-06-01T13:15:00+00:00,SL,-1.0
CRV,SHORT,2025-06-15T11:15:00+00:00,2025-06-15T11:30:00+00:00,15886,0.586,0.5935825080974511,0.5765218648781861,0.0075825080974510906,34.36247905608763,0.735,1.3731784002958207,1.4097169291937306,0.36242919217277764,True,True,True,False,15885,V3_ADX_RISING_070,2025-06-15T13:00:00+00:00,SL,-1.0
ADA,SHORT,2025-06-18T18:00:00+00:00,2025-06-18T18:15:00+00:00,16201,0.5933,0.6009410832539652,0.5837486459325436,0.007641083253965175,62.06536974331165,0.915,3.221121194627507,2.249592068255683,0.5327615156610264,True,True,True,True,16200,V3_ADX_RISING_070,2025-06-18T20:30:00+00:00,SL,-1.0
DOGE,SHORT,2025-06-18T14:45:00+00:00,2025-06-18T15:00:00+00:00,16188,0.16736,0.1702192888696367,0.16378588891295415,0.0028592888696366836,64.43276676972268,0.84,4.13035693440937,1.5260639071297712,0.4720978893629521,True,True,True,False,16187,V3_ADX_RISING_070,2025-06-18T20:45:00+00:00,SL,-1.0
SOL,SHORT,2025-06-19T11:00:00+00:00,2025-06-19T11:15:00+00:00,16269,145.56,146.8027859024537,144.00651762193286,1.2427859024537042,25.28384775670868,0.78,0.9467646816937645,1.4094989658028225,0.3351826758417551,True,True,True,False,16268,V3_ADX_RISING_070,2025-06-19T13:45:00+00:00,TP,1.25
SUI,SHORT,2025-06-19T08:30:00+00:00,2025-06-19T08:45:00+00:00,16259,2.8045,2.8315515304728356,2.7706855869089555,0.027051530472835594,55.754686652747246,1.0,1.023791962104248,1.2337847562200837,0.7863355573578896,True,True,True,True,16258,V3_ADX_RISING_070,2025-06-19T16:00:00+00:00,SL,-1.0
AVAX,LONG,2025-07-14T09:15:00+00:00,2025-07-14T09:30:00+00:00,18662,21.849,21.49102848763686,22.296464390453924,0.3579715123631395,42.61950920989499,0.86,0.9085442885571524,1.286123966128397,0.6435225944531328,True,True,True,False,18661,V3_ADX_RISING_070,2025-07-14T15:00:00+00:00,SL,-1.0
LINK,LONG,2025-07-14T09:15:00+00:00,2025-07-14T09:30:00+00:00,18662,16.132,15.854211345214559,16.479235818481804,0.2777886547854429,50.45705713583226,0.865,1.6951855597929182,1.2450109238236309,0.6206292041894469,True,True,True,False,18661,V3_ADX_RISING_070,2025-07-14T15:45:00+00:00,SL,-1.0
XRP,LONG,2025-07-17T04:15:00+00:00,2025-07-17T04:30:00+00:00,18930,3.0558,2.996708802778402,3.1296639965269977,0.05909119722159817,35.9270766501818,0.82,1.3301378754300686,1.2613756697964429,0.6734742836943988,True,True,True,False,18929,V3_ADX_RISING_070,2025-07-17T05:30:00+00:00,TP,1.25
UNI,LONG,2025-08-09T12:15:00+00:00,2025-08-09T12:30:00+00:00,21170,11.22,11.063690404628382,11.415386994214524,0.15630959537161893,59.921029094078904,0.85,7.066993051133579,1.9256403988506954,0.5996900297290877,True,True,True,False,21169,V3_ADX_RISING_070,2025-08-09T13:00:00+00:00,SL,-1.0
SOL,LONG,2025-08-09T22:15:00+00:00,2025-08-09T22:30:00+00:00,21210,182.06,179.97549807828875,184.66562740213908,2.084501921711251,52.89220227426525,0.745,3.1052990250025374,1.4210180657676998,0.44855024410984523,True,True,True,False,21209,V3_ADX_RISING_070,2025-08-09T22:45:00+00:00,SL,-1.0
DOGE,LONG,2025-08-10T03:15:00+00:00,2025-08-10T03:30:00+00:00,21230,0.24207,0.2376819987935293,0.2475550015080884,0.004388001206470704,50.25457545899857,0.825,6.586341662779397,1.6273814128436102,0.5079429662431558,True,True,True,False,21229,V3_ADX_RISING_070,2025-08-10T06:00:00+00:00,SL,-1.0
UNI,LONG,2025-08-11T08:15:00+00:00,2025-08-11T08:30:00+00:00,21346,11.171,10.975681590242594,11.415148012196756,0.19531840975740522,45.46849020612541,0.745,0.14984241358322947,2.842705424049663,0.4187396082450163,True,True,True,False,21345,V3_ADX_RISING_070,2025-08-11T10:15:00+00:00,SL,-1.0
ETH,LONG,2025-08-13T09:15:00+00:00,2025-08-13T09:30:00+00:00,21542,4639.34,4593.342257846636,4696.837177691705,45.997742153364015,59.33788046438133,0.75,3.832932955361848,1.2554732133847846,0.6259216543941988,True,True,True,False,21541,V3_ADX_RISING_070,2025-08-13T09:45:00+00:00,TP,1.25
BNB,LONG,2025-08-14T06:00:00+00:00,2025-08-14T06:15:00+00:00,21625,855.27,848.1515237135218,864.1680953580977,7.118476286478199,28.85865074413739,0.71,0.9786198286751571,2.041376760953182,0.7720142226175444,True,True,True,False,21624,V3_ADX_RISING_070,2025-08-14T06:30:00+00:00,TP,1.25
XRP,SHORT,2025-08-22T06:30:00+00:00,2025-08-22T06:45:00+00:00,22395,2.8484,2.8818343876108923,2.8066070154863842,0.03343438761089246,57.693710252692185,0.765,3.0307119913214606,1.223626291594629,0.7272788634705616,True,True,True,False,22394,V3_ADX_RISING_070,2025-08-22T11:30:00+00:00,TP,1.25
ADA,LONG,2025-09-08T21:15:00+00:00,2025-09-08T21:30:00+00:00,24086,0.8646,0.8551657733566866,0.8763927833041418,0.009434226643313393,61.86616324371131,0.885,6.382024602067148,1.3324191393080904,0.554671750122621,True,True,True,False,24085,V3_ADX_RISING_070,2025-09-09T06:00:00+00:00,TP,1.25
DOGE,LONG,2025-09-10T12:15:00+00:00,2025-09-10T12:30:00+00:00,24242,0.24107,0.23876159008964415,0.24395551238794483,0.0023084099103558575,48.12636278166466,0.93,0.7753241279776972,1.6382476826036976,0.4873048563591087,True,True,True,False,24241,V3_ADX_RISING_070,2025-09-10T13:00:00+00:00,TP,1.25
XRP,LONG,2025-09-13T06:00:00+00:00,2025-09-13T06:15:00+00:00,24505,3.1102,3.0921132403605585,3.1328084495493016,0.018086759639441397,41.49414532285154,0.86,0.8140296813166898,1.4095403474347796,0.47231496272334994,True,True,True,False,24504,V3_ADX_RISING_070,2025-09-13T08:30:00+00:00,TP,1.25
FET,SHORT,2025-09-17T14:15:00+00:00,2025-09-17T14:30:00+00:00,24922,0.6323,0.6386910313618552,0.6243112107976809,0.0063910313618552594,46.28477715518353,0.735,2.6161299025825535,1.23010297625461,0.6084191524214919,True,True,True,False,24921,V3_ADX_RISING_070,2025-09-17T17:15:00+00:00,SL,-1.0
UNI,SHORT,2025-09-20T12:30:00+00:00,2025-09-20T12:45:00+00:00,25203,9.145,9.19841726876887,9.078228414038913,0.053417268768869874,33.13387886821769,0.82,0.3817320241664284,1.2790446877851087,0.519971162451604,True,True,True,False,25202,V3_ADX_RISING_070,2025-09-20T14:45:00+00:00,SL,-1.0
UNI,SHORT,2025-09-21T14:15:00+00:00,2025-09-21T14:30:00+00:00,25306,9.113,9.183220322249921,9.025224597187597,0.07022032224992181,43.629897459803644,0.81,0.6396541166913075,1.657395653519537,0.4137167676882381,True,True,True,False,25305,V3_ADX_RISING_070,2025-09-22T00:15:00+00:00,TP,1.25
FET,SHORT,2025-09-22T18:45:00+00:00,2025-09-22T19:00:00+00:00,25420,0.587,0.5922199587523502,0.5804750515595621,0.005219958752350262,43.39646526525946,0.75,9.98719889186098,1.2289216390525501,0.3534162372779211,True,True,True,False,25419,V3_ADX_RISING_070,2025-09-22T20:30:00+00:00,SL,-1.0
XRP,SHORT,2025-09-26T05:45:00+00:00,2025-09-26T06:00:00+00:00,25752,2.7514,2.782710875849769,2.7122614051877885,0.031310875849769104,35.855704399717126,0.775,1.6041934767509538,1.507209239315706,0.5780159726910173,True,True,True,False,25751,V3_ADX_RISING_070,2025-09-26T10:45:00+00:00,TP,1.25
ETH,LONG,2025-10-07T02:15:00+00:00,2025-10-07T02:30:00+00:00,26794,4684.83,4648.894145024213,4729.749818719734,35.93585497578715,46.70058069651111,0.865,2.789726956065529,1.5109180754659792,0.040642711787546346,True,True,True,False,26793,V3_ADX_RISING_070,2025-10-07T05:30:00+00:00,TP,1.25
SOL,SHORT,2025-10-11T16:30:00+00:00,2025-10-11T16:45:00+00:00,27235,181.96,186.0507971759141,176.84650353010738,4.090797175914105,45.76776478802238,0.765,9.659162009171496,1.2755190456085126,0.6513926524094029,True,True,True,False,27234,V3_ADX_RISING_070,2025-10-11T19:45:00+00:00,TP,1.25
CRV,SHORT,2025-11-01T09:30:00+00:00,2025-11-01T09:45:00+00:00,29223,0.477,0.4861338933653214,0.46558263329334815,0.009133893365321444,46.30547432547983,0.745,4.489945485302531,1.2510630641293008,0.7285661087440669,True,True,True,False,29222,V3_ADX_RISING_070,2025-11-01T13:30:00+00:00,SL,-1.0
ADA,SHORT,2025-11-02T00:15:00+00:00,2025-11-02T00:30:00+00:00,29282,0.6096,0.6143771781696419,0.6036285272879477,0.004777178169641849,27.018504035264368,0.76,0.9160670055126587,1.21817834310109,0.6697783720206038,True,True,True,False,29281,V3_ADX_RISING_070,2025-11-02T04:45:00+00:00,SL,-1.0
SUI,SHORT,2025-11-02T22:30:00+00:00,2025-11-02T22:45:00+00:00,29371,2.3103,2.3370916264652144,2.2768104669184814,0.026791626465214602,39.98881648891877,0.755,1.5083828245508712,1.6405699463787893,0.4484224274054184,True,True,True,False,29370,V3_ADX_RISING_070,2025-11-02T23:00:00+00:00,SL,-1.0
LINK,SHORT,2025-11-04T04:30:00+00:00,2025-11-04T04:45:00+00:00,29491,15.267,15.578007842267946,14.878240197165066,0.3110078422679461,49.297638045093386,0.725,6.5961548456622054,1.2198035348440022,0.7112502566112571,True,True,True,False,29490,V3_ADX_RISING_070,2025-11-04T05:30:00+00:00,TP,1.25
BNB,SHORT,2025-11-04T15:45:00+00:00,2025-11-04T16:00:00+00:00,29536,950.23,971.029462543626,924.2306718204676,20.799462543625964,55.222809422829044,0.835,6.408417006398132,1.3248708521320507,0.41647696605589196,True,True,True,False,29535,V3_ADX_RISING_070,2025-11-04T17:00:00+00:00,TP,1.25
ETH,SHORT,2025-11-04T15:45:00+00:00,2025-11-04T16:00:00+00:00,29536,3505.99,3576.966194006996,3417.2697574912545,70.97619400699614,53.1840863965756,0.75,4.360200096320291,2.04220489606542,0.5303378815962995,True,True,True,False,29535,V3_ADX_RISING_070,2025-11-04T17:00:00+00:00,TP,1.25
BNB,SHORT,2025-11-06T12:00:00+00:00,2025-11-06T12:15:00+00:00,29713,952.25,961.2944787152896,940.944401605888,9.044478715289642,50.93692650544934,0.955,0.11436930667048983,1.2356245679815974,0.4163691021172925,True,True,True,False,29712,V3_ADX_RISING_070,2025-11-06T14:00:00+00:00,TP,1.25
LINK,SHORT,2025-11-07T01:30:00+00:00,2025-11-07T01:45:00+00:00,29767,14.625,14.992490295374484,14.165637130781896,0.3674902953744841,61.98670554008333,0.975,1.721614365063978,1.7721985860052156,0.541766170266677,True,True,True,True,29766,V3_ADX_RISING_070,2025-11-07T03:00:00+00:00,SL,-1.0
SOL,SHORT,2025-11-07T01:30:00+00:00,2025-11-07T01:45:00+00:00,29767,155.12,158.0844171443384,151.414478569577,2.964417144338398,43.62738709575333,0.905,0.616452483485304,2.361126448039949,0.4761477806644551,True,True,True,False,29766,V3_ADX_RISING_070,2025-11-07T03:00:00+00:00,SL,-1.0
BNB,SHORT,2025-11-18T00:30:00+00:00,2025-11-18T00:45:00+00:00,30819,902.18,916.8056885632107,883.8978892959866,14.625688563210701,63.57495908011403,0.865,3.329106502275458,1.7125766510235714,0.6672814910943625,True,True,True,False,30818,V3_ADX_RISING_070,2025-11-18T01:00:00+00:00,SL,-1.0
ADA,SHORT,2025-11-20T23:00:00+00:00,2025-11-20T23:15:00+00:00,31101,0.4386,0.4478536878272282,0.42703289021596474,0.009253687827228185,56.82702560777131,0.935,0.5822613027766366,1.9050745558322402,0.2120661131444039,True,True,True,False,31100,V3_ADX_RISING_070,2025-11-21T02:45:00+00:00,TP,1.25
AVAX,SHORT,2025-11-21T02:00:00+00:00,2025-11-21T02:15:00+00:00,31113,13.864,14.040885355471428,13.642893305660717,0.17688535547142692,49.08414365298356,0.955,0.11299541353515963,1.2648955949044065,0.39242453908876784,True,True,True,False,31112,V3_ADX_RISING_070,2025-11-21T04:30:00+00:00,TP,1.25
DOGE,SHORT,2025-11-21T15:30:00+00:00,2025-11-21T15:45:00+00:00,31167,0.13865,0.1429100207812147,0.13332497402348162,0.004260020781214707,61.46999844220592,0.835,4.716075368366766,1.2437224985683835,0.49855363448698464,True,True,True,False,31166,V3_ADX_RISING_070,2025-11-21T17:00:00+00:00,SL,-1.0
ETH,SHORT,2025-11-21T15:15:00+00:00,2025-11-21T15:30:00+00:00,31166,2728.26,2801.2328717433943,2637.0439103207577,72.97287174339408,57.14352114917999,0.88,5.425750568636836,1.223432652120371,0.10733115674580944,True,True,True,False,31165,V3_ADX_RISING_070,2025-11-21T17:15:00+00:00,SL,-1.0
BNB,SHORT,2025-11-21T18:00:00+00:00,2025-11-21T18:15:00+00:00,31177,818.21,840.0157034943608,790.9528706320491,21.805703494360728,49.83543497344193,0.855,6.520212841961651,1.4533666245350851,0.6874344217041857,True,True,True,False,31176,V3_ADX_RISING_070,2025-11-22T00:00:00+00:00,SL,-1.0
ETH,SHORT,2025-11-22T08:00:00+00:00,2025-11-22T08:15:00+00:00,31233,2745.64,2779.2950451400893,2703.571193574888,33.65504514008944,63.451004829717505,0.925,3.460021705441754,1.3860989100480618,0.38743330329779896,True,True,True,True,31232,V3_ADX_RISING_070,2025-11-22T10:45:00+00:00,TP,1.25
LINK,SHORT,2025-11-22T12:00:00+00:00,2025-11-22T12:15:00+00:00,31249,11.847,12.082451101969397,11.552686122538253,0.23545110196939767,57.85103508240375,0.9,4.079539978717804,1.3338808906874422,0.6457539175199459,True,True,True,True,31248,V3_ADX_RISING_070,2025-11-22T16:30:00+00:00,SL,-1.0
ETH,SHORT,2025-12-17T12:30:00+00:00,2025-12-17T12:45:00+00:00,33651,2919.6,2941.3170768633986,2892.4536539207515,21.717076863398688,60.547519009707415,0.915,3.132874596160761,1.2768451942780454,0.7810991492055576,True,True,True,True,33650,V3_ADX_RISING_070,2025-12-17T13:45:00+00:00,SL,-1.0
ADA,SHORT,2025-12-17T13:00:00+00:00,2025-12-17T13:15:00+00:00,33653,0.3794,0.3827924023117091,0.37515949711036367,0.003392402311709064,44.705441885950115,0.705,2.283459116715264,1.558120133301253,0.2161436469658862,True,True,True,False,33652,V3_ADX_RISING_070,2025-12-17T13:45:00+00:00,SL,-1.0
BNB,SHORT,2025-12-27T02:00:00+00:00,2025-12-27T02:15:00+00:00,34569,835.15,837.6313034807379,832.0483706490776,2.4813034807378926,44.74017973251315,0.88,5.694167548912329,1.979690156291167,0.09563872563930241,True,True,True,False,34568,V3_ADX_RISING_070,2025-12-27T06:00:00+00:00,SL,-1.0
UNI,SHORT,2026-01-09T14:00:00+00:00,2026-01-09T14:15:00+00:00,35865,5.441,5.511758574431935,5.352551781960081,0.07075857443193545,41.56243011772712,0.735,1.8170318379677681,2.01683343725427,0.48949820341005884,True,True,True,False,35864,V3_ADX_RISING_070,2026-01-09T15:15:00+00:00,SL,-1.0
UNI,SHORT,2026-01-16T07:30:00+00:00,2026-01-16T07:45:00+00:00,36511,5.299,5.35095531877709,5.234055851528638,0.05195531877708959,30.413192224980968,0.82,0.4327143654045571,1.216615721352595,0.5516623656008092,True,True,True,False,36510,V3_ADX_RISING_070,2026-01-16T15:15:00+00:00,TP,1.25
CRV,LONG,2026-01-17T12:15:00+00:00,2026-01-17T12:30:00+00:00,36626,0.437,0.43052274930403406,0.4450965633699574,0.0064772506959659415,44.64623737124678,0.795,2.0922460039380866,1.4312025767318304,0.3996661852252343,True,True,True,False,36625,V3_ADX_RISING_070,2026-01-17T15:45:00+00:00,TP,1.25
AVAX,SHORT,2026-01-20T00:00:00+00:00,2026-01-20T00:15:00+00:00,36865,12.695,12.806889101009155,12.555138623738557,0.1118891010091545,53.6593614590487,0.775,5.324858750547055,1.369084104164345,0.7014757138414821,True,True,True,False,36864,V3_ADX_RISING_070,2026-01-20T06:15:00+00:00,TP,1.25
BTC,SHORT,2026-01-25T14:15:00+00:00,2026-01-25T14:30:00+00:00,37402,88678.8,89046.70834330936,88218.9145708633,367.90834330936195,36.99379729375191,0.855,0.6973179422446592,2.067045516889865,0.03975189175007658,True,True,True,False,37401,V3_ADX_RISING_070,2026-01-25T16:00:00+00:00,TP,1.25
BNB,SHORT,2026-01-26T03:30:00+00:00,2026-01-26T03:45:00+00:00,37455,868.84,876.3094587735084,859.5031765331146,7.469458773508336,59.27470376141512,0.73,4.866309338919507,1.3834776671115219,0.3470262576695063,True,True,True,False,37454,V3_ADX_RISING_070,2026-01-26T08:15:00+00:00,SL,-1.0
CRV,SHORT,2026-01-30T08:30:00+00:00,2026-01-30T08:45:00+00:00,37859,0.319,0.32520909681598437,0.3112386289800195,0.006209096815984361,53.74681202653734,0.78,6.117753269058195,1.739756215563029,0.20964747667393913,True,True,True,False,37858,V3_ADX_RISING_070,2026-01-30T11:45:00+00:00,SL,-1.0
ADA,SHORT,2026-02-05T02:45:00+00:00,2026-02-05T03:00:00+00:00,38412,0.2841,0.2919241121646555,0.2743198597941806,0.007824112164655506,44.86668937633884,0.915,1.1522741174140592,1.3680976757535264,0.731991134037549,True,True,True,True,38411,V3_ADX_RISING_070,2026-02-05T10:45:00+00:00,TP,1.25
UNI,SHORT,2026-02-05T02:45:00+00:00,2026-02-05T03:00:00+00:00,38412,3.76,3.8626913867775556,3.631635766528055,0.10269138677755585,39.508541642229304,0.905,1.1142942803028646,1.314027817391742,0.7432382140047268,True,True,True,True,38411,V3_ADX_RISING_070,2026-02-05T11:15:00+00:00,TP,1.25
DOGE,SHORT,2026-03-22T13:30:00+00:00,2026-03-22T13:45:00+00:00,42775,0.09123,0.09213227950385833,0.0901021506201771,0.000902279503858322,45.71376968484344,0.76,5.004457915268624,1.3000864532111303,0.32968209513556523,True,True,True,False,42774,V3_ADX_RISING_070,2026-03-22T19:30:00+00:00,TP,1.25
FET,LONG,2026-03-26T03:45:00+00:00,2026-03-26T04:00:00+00:00,43120,0.2577,0.2501876047911352,0.2670904940110809,0.007512395208864764,48.10236145729395,0.76,5.133371734523713,1.5130890824289878,0.675391820481882,True,True,True,False,43119,V3_ADX_RISING_070,2026-03-26T05:15:00+00:00,SL,-1.0
ETH,SHORT,2026-03-28T01:00:00+00:00,2026-03-28T01:15:00+00:00,43301,1985.84,1998.1000329716971,1970.5149587853784,12.260032971697228,47.50637966625553,0.73,6.129095276754018,1.3954810872100483,0.3492354375283478,True,True,True,False,43300,V3_ADX_RISING_070,2026-03-28T06:15:00+00:00,SL,-1.0
SOL,SHORT,2026-03-28T00:00:00+00:00,2026-03-28T00:15:00+00:00,43297,82.68,83.25920553245544,81.95599308443072,0.5792055324554326,53.94483136234679,0.8,7.181992550952323,1.3199940757430382,0.12895544746489482,True,True,True,False,43296,V3_ADX_RISING_070,2026-03-28T07:00:00+00:00,SL,-1.0
XRP,SHORT,2026-03-27T15:45:00+00:00,2026-03-27T16:00:00+00:00,43264,1.3348,1.3495654407838429,1.3163431990201964,0.014765440783842898,48.22829840332043,0.74,4.358064023133842,1.5980345892756103,0.3718196803743757,True,True,True,False,43263,V3_ADX_RISING_070,2026-03-28T13:30:00+00:00,SL,-1.0
AVAX,SHORT,2026-03-29T22:00:00+00:00,2026-03-29T22:15:00+00:00,43481,8.612,8.68774926711136,8.517313416110799,0.07574926711136065,47.538485704853365,0.785,1.8062383704230172,2.466836545230003,0.7757287628443903,True,True,True,False,43480,V3_ADX_RISING_070,2026-03-29T22:30:00+00:00,TP,1.25
UNI,SHORT,2026-04-04T00:45:00+00:00,2026-04-04T01:00:00+00:00,43972,3.164,3.1865762264692337,3.1357797169134582,0.022576226469233518,42.987724130998586,0.85,1.8007038201818695,1.4589114138718522,0.2683636258272804,True,True,True,False,43971,V3_ADX_RISING_070,2026-04-04T08:30:00+00:00,TP,1.25
UNI,SHORT,2026-04-04T16:45:00+00:00,2026-04-04T17:00:00+00:00,44036,3.126,3.156887538639123,3.0873905767010963,0.03088753863912297,55.709761645166466,0.88,2.3890567632656357,1.7576145808096237,0.3974418998912481,True,True,True,False,44035,V3_ADX_RISING_070,2026-04-05T05:45:00+00:00,TP,1.25
LINK,LONG,2026-04-16T21:45:00+00:00,2026-04-16T22:00:00+00:00,45208,9.532,9.42057562904631,9.671280463692113,0.1114243709536904,62.585397843555526,0.7,2.915272432012504,1.3029802047302022,0.5114480885790531,True,True,True,False,45207,V3_ADX_RISING_070,2026-04-17T01:45:00+00:00,SL,-1.0
DOGE,LONG,2026-04-26T21:15:00+00:00,2026-04-26T21:30:00+00:00,46166,0.09921,0.09853797628551664,0.10005002964310422,0.0006720237144833691,58.8023185941704,0.73,2.519321172722311,1.6022509112241856,0.4654221098684095,True,True,True,False,46165,V3_ADX_RISING_070,2026-04-27T01:00:00+00:00,TP,1.25
CRV,LONG,2026-05-05T23:45:00+00:00,2026-05-06T00:00:00+00:00,47040,0.2403,0.237129871813763,0.2442626602327963,0.00317012818623702,28.51613865494161,0.795,0.7880569587671751,1.328097447041662,0.39600089044207565,True,True,True,False,47039,V3_ADX_RISING_070,2026-05-06T03:30:00+00:00,TP,1.25
AVAX,LONG,2026-05-07T12:00:00+00:00,2026-05-07T12:15:00+00:00,47185,9.623,9.521893239525625,9.749383450592967,0.10110676047437472,42.11248895231657,0.84,0.2525170989586627,1.4697382643412096,0.7983556883386864,True,True,True,False,47184,V3_ADX_RISING_070,2026-05-07T13:45:00+00:00,SL,-1.0
LINK,LONG,2026-05-08T23:45:00+00:00,2026-05-09T00:00:00+00:00,47328,10.34,10.253325957077463,10.448342553653172,0.086674042922537,57.54793077503187,0.955,0.145639676053122,1.2230022581924274,0.45773351726761974,True,True,True,False,47327,V3_ADX_RISING_070,2026-05-09T00:45:00+00:00,TP,1.25
FET,SHORT,2026-05-20T02:30:00+00:00,2026-05-20T02:45:00+00:00,48395,0.1881,0.18992165772080358,0.1858229278489955,0.0018216577208035878,50.074812574090146,0.965,0.0541771965667337,1.7877702651792098,0.7095759237593007,True,True,True,False,48394,V3_ADX_RISING_070,2026-05-20T05:00:00+00:00,SL,-1.0
XRP,SHORT,2026-05-28T10:45:00+00:00,2026-05-28T11:00:00+00:00,49196,1.2878,1.2982583356842727,1.2747270803946593,0.01045833568427268,59.5738533316287,0.835,6.248806517885146,1.500313871573662,0.5559234129950611,True,True,True,False,49195,V3_ADX_RISING_070,2026-05-28T13:45:00+00:00,SL,-1.0
FET,LONG,2026-06-01T08:30:00+00:00,2026-06-01T08:45:00+00:00,49571,0.279,0.2680852807078899,0.2926433991151377,0.010914719292110131,35.75566418135044,0.76,0.28286249749687187,1.7859169253364764,0.6210673142357019,True,True,True,False,49570,V3_ADX_RISING_070,2026-06-01T12:45:00+00:00,SL,-1.0
UNI,SHORT,2026-06-02T10:30:00+00:00,2026-06-02T10:45:00+00:00,49675,2.91,2.93472402977166,2.8790949627854254,0.024724029771659772,27.499014206989624,0.745,1.0045268113968824,2.0366036634944593,0.22958521505921312,True,True,True,False,49674,V3_ADX_RISING_070,2026-06-02T14:00:00+00:00,TP,1.25
XRP,SHORT,2026-06-02T13:30:00+00:00,2026-06-02T13:45:00+00:00,49687,1.2623,1.2716124262269841,1.2506594672162699,0.009312426226984138,42.356587729862675,0.7,6.164832899407184,1.226649850602899,0.306064801626164,True,True,True,False,49686,V3_ADX_RISING_070,2026-06-02T14:00:00+00:00,TP,1.25
LINK,SHORT,2026-06-05T13:30:00+00:00,2026-06-05T13:45:00+00:00,49975,7.567,7.68788508082984,7.4158936489627,0.12088508082984006,48.52194073459281,0.885,5.905220635720987,1.5366513587420967,0.20401873971814577,True,True,True,False,49974,V3_ADX_RISING_070,2026-06-05T14:00:00+00:00,TP,1.25
BTC,SHORT,2026-06-06T22:00:00+00:00,2026-06-06T22:15:00+00:00,50105,60591.4,61079.2214965893,59981.623129263375,487.8214965892985,60.389079891576934,1.0,0.3102694217848665,2.0696137638098695,0.4808862916022037,True,True,True,False,50104,V3_ADX_RISING_070,2026-06-07T01:00:00+00:00,SL,-1.0
SUI,SHORT,2026-06-21T08:15:00+00:00,2026-06-21T08:30:00+00:00,51490,0.7076,0.7137088783098622,0.6999639021126722,0.006108878309862176,32.464977399058405,0.795,0.9801516003904638,1.2346531792921593,0.59921283045899,True,True,True,False,51489,V3_ADX_RISING_070,2026-06-21T15:30:00+00:00,SL,-1.0
LINK,SHORT,2026-06-26T00:45:00+00:00,2026-06-26T01:00:00+00:00,51940,7.229,7.318182441331624,7.117521948335471,0.08918244133162379,62.251596873038075,0.87,4.8858969166356445,1.4955084103094167,0.310239547942755,True,True,True,False,51939,V3_ADX_RISING_070,2026-06-26T02:00:00+00:00,TP,1.25
SOL,LONG,2026-07-03T05:30:00+00:00,2026-07-03T05:45:00+00:00,52631,81.04,80.2105356894574,82.07683038817827,0.8294643105426047,55.1427754099408,0.78,6.837618060579057,1.2475393160500141,0.7401189299316359,True,True,True,False,52630,V3_ADX_RISING_070,2026-07-03T15:00:00+00:00,TP,1.25
SOL,LONG,2026-07-04T00:00:00+00:00,2026-07-04T00:15:00+00:00,52705,82.55,81.90473445776449,83.35658192779438,0.6452655422355065,64.960743544449,0.845,6.067741166932841,1.2595308659995583,0.7539450966034543,True,True,True,False,52704,V3_ADX_RISING_070,2026-07-04T01:00:00+00:00,SL,-1.0
SUI,SHORT,2026-07-29T08:15:00+00:00,2026-07-29T08:30:00+00:00,55138,0.6851,0.6901823886269045,0.6787470142163694,0.005082388626904466,49.275018824151005,0.85,0.8462048933170117,2.9309954427738156,0.5861536205822587,True,True,True,False,55137,V3_ADX_RISING_070,2026-07-29T09:30:00+00:00,SL,-1.0
ADA,LONG,2026-08-04T12:30:00+00:00,2026-08-04T12:45:00+00:00,55731,0.195,0.19290217070317464,0.1976222866210317,0.0020978292968253653,54.5111660480924,0.885,2.474843903655781,1.4082829680801925,0.09713556901670319,True,True,True,False,55730,V3_ADX_RISING_070,2026-08-04T13:15:00+00:00,SL,-1.0
BNB,LONG,2026-08-05T07:45:00+00:00,2026-08-05T08:00:00+00:00,55808,600.48,597.9133166514298,603.6883541857128,2.5666833485702227,47.29068024214638,0.785,2.3723373804957433,1.3399047377291147,0.030144839228551178,True,True,True,False,55807,V3_ADX_RISING_070,2026-08-05T10:00:00+00:00,SL,-1.0
SUI,SHORT,2026-08-07T09:15:00+00:00,2026-08-07T09:30:00+00:00,56006,0.6731,0.6782459065316324,0.6666676168354595,0.005145906531632383,60.794761056680144,0.845,3.779474871742501,3.751268422881851,0.4033250282284315,True,True,True,False,56005,V3_ADX_RISING_070,2026-08-07T12:00:00+00:00,SL,-1.0
XRP,SHORT,2026-08-14T16:45:00+00:00,2026-08-14T17:00:00+00:00,56708,1.0018,1.0086376854908563,0.9932528931364297,0.006837685490856282,64.72219041837235,1.0,1.3709283852833352,1.8869182279550332,0.6305282176630846,True,True,True,True,56707,V3_ADX_RISING_070,2026-08-14T22:15:00+00:00,TP,1.25
FET,SHORT,2026-08-17T07:00:00+00:00,2026-08-17T07:15:00+00:00,56957,0.1217,0.12352754721311543,0.11941556598360573,0.001827547213115427,61.84953864707595,0.925,5.469745910546962,2.0905346615213034,0.7833878411485317,True,True,True,True,56956,V3_ADX_RISING_070,2026-08-17T07:45:00+00:00,TP,1.25
